id,object,measure,type
buonamici1,<music21.note.Rest eighth>,0,GeneralNote
buonamici2,<music21.note.Note B>,0,GeneralNote
buonamici3,<music21.note.Rest eighth>,0,GeneralNote
buonamici1622,<music21.dynamics.Dynamic p>,0,DynamicPoint
buonamici1689,<music21.expressions.TextExpression 'Allegro'>,0,TextExpression
buonamici1698,<music21.tempo.MetronomeMark Quarter=144 (playback only)>,0,TempoIndication
buonamici1699,<music21.tempo.MetronomeMark andantino Dotted Quarter=80>,0,TempoIndication
buonamici1700,<music21.tempo.MetronomeMark Quarter=144 (playback only)>,0,MetronomeMark
buonamici1701,<music21.tempo.MetronomeMark andantino Dotted Quarter=80>,0,MetronomeMark
buonamici4,<music21.note.Rest dotted-half>,1,GeneralNote
buonamici5,<music21.note.Note E>,1,GeneralNote
buonamici6,<music21.chord.Chord E4 G4 B4>,1,GeneralNote
buonamici7,<music21.note.Note F#>,1,GeneralNote
buonamici8,<music21.note.Note G>,1,GeneralNote
buonamici9,<music21.note.Note F#>,1,GeneralNote
buonamici10,<music21.chord.Chord D#4 F#4 B4>,1,GeneralNote
buonamici11,<music21.note.Note B>,1,GeneralNote
buonamici12,<music21.note.Note B>,1,GeneralNote
buonamici1522,<music21.spanner.Slur <music21.note.Note E><music21.note.Note B>>,1,Slur
buonamici1523,<music21.spanner.Slur <music21.chord.Chord E4 G4 B4><music21.chord.Chord D#4 F#4 B4>>,1,Slur
buonamici13,<music21.note.Note G>,2,GeneralNote
buonamici14,<music21.note.Note G>,2,GeneralNote
buonamici15,<music21.note.Note E>,2,GeneralNote
buonamici16,<music21.note.Note A>,2,GeneralNote
buonamici17,<music21.note.Note G>,2,GeneralNote
buonamici18,<music21.note.Note A>,2,GeneralNote
buonamici19,<music21.note.Note G>,2,GeneralNote
buonamici20,<music21.note.Note G>,2,GeneralNote
buonamici21,<music21.note.Note A>,2,GeneralNote
buonamici22,<music21.note.Note G>,2,GeneralNote
buonamici23,<music21.note.Note B>,2,GeneralNote
buonamici24,<music21.note.Note A>,2,GeneralNote
buonamici25,<music21.note.Note G>,2,GeneralNote
buonamici26,<music21.note.Note F#>,2,GeneralNote
buonamici27,<music21.note.Note F#>,2,GeneralNote
buonamici28,<music21.note.Note D>,2,GeneralNote
buonamici29,<music21.note.Rest 16th>,2,GeneralNote
buonamici30,<music21.note.Rest 16th>,2,GeneralNote
buonamici31,<music21.note.Note G>,2,GeneralNote
buonamici32,<music21.note.Note B>,2,GeneralNote
buonamici33,<music21.note.Note B>,2,GeneralNote
buonamici34,<music21.note.Note B>,2,GeneralNote
buonamici1518,<music21.spanner.Slur <music21.note.Note G><music21.note.Note G>>,2,Slur
buonamici1519,<music21.spanner.Slur <music21.note.Note F#><music21.note.Note B>>,2,Slur
buonamici1524,<music21.spanner.Slur <music21.note.Note F#><music21.note.Note B>>,2,Slur
buonamici1525,<music21.spanner.Slur <music21.note.Note E><music21.note.Note B>>,2,Slur
buonamici35,<music21.note.Rest dotted-half>,3,GeneralNote
buonamici36,<music21.note.Note A>,3,GeneralNote
buonamici37,<music21.articulations.Staccato>,3,Articulation
buonamici38,<music21.chord.Chord C4 E4 A4>,3,GeneralNote
buonamici39,<music21.note.Note C>,3,GeneralNote
buonamici40,<music21.note.Note B>,3,GeneralNote
buonamici41,<music21.note.Note A>,3,GeneralNote
buonamici42,<music21.note.Note G>,3,GeneralNote
buonamici43,<music21.note.Note F#>,3,GeneralNote
buonamici44,<music21.articulations.Staccato>,3,Articulation
buonamici45,<music21.chord.Chord A3 E4 F#4 C5>,3,GeneralNote
buonamici46,<music21.articulations.Staccato>,3,Articulation
buonamici47,<music21.note.Rest 16th>,3,GeneralNote
buonamici48,<music21.note.Rest 16th>,3,GeneralNote
buonamici49,<music21.note.Note A>,3,GeneralNote
buonamici50,<music21.note.Rest eighth>,3,GeneralNote
buonamici51,<music21.note.Note G>,3,GeneralNote
buonamici52,<music21.note.Note F#>,3,GeneralNote
buonamici53,<music21.note.Rest eighth>,3,GeneralNote
buonamici54,<music21.note.Note E>,3,GeneralNote
buonamici1526,<music21.spanner.Slur <music21.note.Note C><music21.note.Note F#>>,3,Slur
buonamici1527,<music21.spanner.Slur <music21.note.Note A><music21.note.Note E>>,3,Slur
buonamici1528,<music21.spanner.Slur <music21.chord.Chord C4 E4 A4><music21.chord.Chord A3 E4 F#4 C5>>,3,Slur
buonamici55,<music21.note.Rest dotted-half>,4,GeneralNote
buonamici56,<music21.note.Note E>,4,GeneralNote
buonamici57,<music21.note.Note B>,4,GeneralNote
buonamici58,<music21.articulations.Fingering 5>,4,Fingering
buonamici59,<music21.note.Note F#>,4,GeneralNote
buonamici60,<music21.articulations.Fingering 2>,4,Fingering
buonamici61,<music21.note.Note D#>,4,GeneralNote
buonamici62,<music21.note.Note B>,4,GeneralNote
buonamici63,<music21.articulations.Fingering 1>,4,Fingering
buonamici64,<music21.note.Rest 16th>,4,GeneralNote
buonamici65,<music21.note.Rest 16th>,4,GeneralNote
buonamici66,<music21.note.Note D#>,4,GeneralNote
buonamici67,<music21.note.Note B>,4,GeneralNote
buonamici68,<music21.articulations.Fingering 2>,4,Fingering
buonamici69,<music21.note.Note A>,4,GeneralNote
buonamici70,<music21.articulations.Fingering 1>,4,Fingering
buonamici71,<music21.note.Note G>,4,GeneralNote
buonamici72,<music21.articulations.Fingering 2>,4,Fingering
buonamici73,<music21.note.Note F#>,4,GeneralNote
buonamici74,<music21.articulations.Fingering 3>,4,Fingering
buonamici75,<music21.note.Note B>,4,GeneralNote
buonamici76,<music21.chord.Chord E4 G4>,4,GeneralNote
buonamici77,<music21.articulations.Fingering 4>,4,Fingering
buonamici78,<music21.articulations.Staccato>,4,Articulation
buonamici79,<music21.articulations.Fingering 2>,4,Fingering
buonamici1529,<music21.spanner.Slur <music21.note.Note E><music21.note.Note B>>,4,Slur
buonamici1530,<music21.spanner.Slur <music21.note.Note B><music21.note.Note B>>,4,Slur
buonamici1531,<music21.spanner.Slur <music21.note.Note B><music21.chord.Chord E4 G4>>,4,Slur
buonamici1634,<music21.dynamics.Crescendo <music21.note.Note E><music21.note.Note D#>>,4,DynamicRegion
buonamici1636,<music21.dynamics.Diminuendo <music21.note.Note D#><music21.note.Note B>>,4,DynamicRegion
buonamici80,<music21.note.Rest dotted-half>,5,GeneralNote
buonamici81,<music21.note.Note D>,5,GeneralNote
buonamici82,<music21.articulations.Fingering 1>,5,Fingering
buonamici83,<music21.note.Note B>,5,GeneralNote
buonamici84,<music21.note.Note C>,5,GeneralNote
buonamici85,<music21.articulations.Fingering 2>,5,Fingering
buonamici86,<music21.note.Note A>,5,GeneralNote
buonamici87,<music21.note.Note A>,5,GeneralNote
buonamici88,<music21.note.Note D#>,5,GeneralNote
buonamici89,<music21.articulations.Fingering 5>,5,Fingering
buonamici90,<music21.note.Rest 16th>,5,GeneralNote
buonamici91,<music21.note.Rest 16th>,5,GeneralNote
buonamici92,<music21.note.Note C>,5,GeneralNote
buonamici93,<music21.articulations.Fingering 1>,5,Fingering
buonamici94,<music21.note.Note A>,5,GeneralNote
buonamici95,<music21.note.Note B>,5,GeneralNote
buonamici96,<music21.articulations.Fingering 2>,5,Fingering
buonamici97,<music21.note.Note G>,5,GeneralNote
buonamici98,<music21.note.Note G>,5,GeneralNote
buonamici99,<music21.note.Note E>,5,GeneralNote
buonamici100,<music21.articulations.Fingering 4>,5,Fingering
buonamici1532,<music21.spanner.Slur <music21.note.Note D><music21.note.Note C>>,5,Slur
buonamici1533,<music21.spanner.Slur <music21.note.Note B><music21.note.Note A>>,5,Slur
buonamici1623,<music21.dynamics.Dynamic p>,5,DynamicPoint
buonamici1690,<music21.expressions.TextExpression 'tranquillo'>,5,TextExpression
buonamici101,<music21.note.Rest dotted-half>,6,GeneralNote
buonamici102,<music21.note.Note B>,6,GeneralNote
buonamici103,<music21.note.Note G>,6,GeneralNote
buonamici104,<music21.note.Note A>,6,GeneralNote
buonamici105,<music21.note.Note F#>,6,GeneralNote
buonamici106,<music21.note.Note F#>,6,GeneralNote
buonamici107,<music21.note.Note B>,6,GeneralNote
buonamici108,<music21.articulations.Fingering 5>,6,Fingering
buonamici109,<music21.note.Rest 16th>,6,GeneralNote
buonamici110,<music21.note.Rest 16th>,6,GeneralNote
buonamici111,<music21.note.Note A>,6,GeneralNote
buonamici112,<music21.note.Note F#>,6,GeneralNote
buonamici113,<music21.note.Note G>,6,GeneralNote
buonamici114,<music21.note.Note E>,6,GeneralNote
buonamici115,<music21.note.Note E>,6,GeneralNote
buonamici116,<music21.note.Note C>,6,GeneralNote
buonamici117,<music21.articulations.Fingering 4>,6,Fingering
buonamici118,<music21.note.Rest 16th>,6,GeneralNote
buonamici119,<music21.note.Rest 16th>,6,GeneralNote
buonamici120,<music21.note.Rest dotted-half>,7,GeneralNote
buonamici121,<music21.note.Note G>,7,GeneralNote
buonamici122,<music21.note.Note E>,7,GeneralNote
buonamici123,<music21.note.Note F#>,7,GeneralNote
buonamici124,<music21.note.Note D>,7,GeneralNote
buonamici125,<music21.note.Note D>,7,GeneralNote
buonamici126,<music21.note.Note G>,7,GeneralNote
buonamici127,<music21.articulations.Fingering 5>,7,Fingering
buonamici128,<music21.note.Rest 16th>,7,GeneralNote
buonamici129,<music21.note.Rest 16th>,7,GeneralNote
buonamici130,<music21.note.Note F#>,7,GeneralNote
buonamici131,<music21.note.Note D>,7,GeneralNote
buonamici132,<music21.note.Note E>,7,GeneralNote
buonamici133,<music21.note.Note C>,7,GeneralNote
buonamici134,<music21.note.Note C>,7,GeneralNote
buonamici135,<music21.note.Note A>,7,GeneralNote
buonamici136,<music21.articulations.Fingering 4>,7,Fingering
buonamici137,<music21.note.Rest 16th>,7,GeneralNote
buonamici138,<music21.note.Rest 16th>,7,GeneralNote
buonamici1534,<music21.spanner.Slur <music21.note.Note F#><music21.note.Note E>>,7,Slur
buonamici139,<music21.note.Rest dotted-half>,8,GeneralNote
buonamici140,<music21.note.Note D>,8,GeneralNote
buonamici141,<music21.articulations.Fingering 1>,8,Fingering
buonamici142,<music21.articulations.Staccato>,8,Articulation
buonamici143,<music21.note.Note B>,8,GeneralNote
buonamici144,<music21.articulations.Fingering 3>,8,Fingering
buonamici145,<music21.articulations.Staccato>,8,Articulation
buonamici146,<music21.note.Note E>,8,GeneralNote
buonamici147,<music21.articulations.Fingering 2>,8,Fingering
buonamici148,<music21.note.Note C>,8,GeneralNote
buonamici149,<music21.articulations.Fingering 2>,8,Fingering
buonamici150,<music21.note.Note F#>,8,GeneralNote
buonamici151,<music21.articulations.Fingering 3>,8,Fingering
buonamici152,<music21.note.Note D>,8,GeneralNote
buonamici153,<music21.articulations.Fingering 1>,8,Fingering
buonamici154,<music21.note.Note G>,8,GeneralNote
buonamici155,<music21.articulations.Fingering 1>,8,Fingering
buonamici156,<music21.note.Note E>,8,GeneralNote
buonamici157,<music21.articulations.Fingering 3>,8,Fingering
buonamici158,<music21.note.Note A>,8,GeneralNote
buonamici159,<music21.articulations.Fingering 2>,8,Fingering
buonamici160,<music21.note.Note F#>,8,GeneralNote
buonamici161,<music21.note.Note B>,8,GeneralNote
buonamici162,<music21.articulations.Fingering 3>,8,Fingering
buonamici163,<music21.articulations.Staccato>,8,Articulation
buonamici164,<music21.note.Note G>,8,GeneralNote
buonamici165,<music21.articulations.Staccato>,8,Articulation
buonamici166,<music21.note.Note A>,8,GeneralNote
buonamici167,<music21.articulations.Fingering 2>,8,Fingering
buonamici168,<music21.articulations.Staccato>,8,Articulation
buonamici169,<music21.note.Note F#>,8,GeneralNote
buonamici170,<music21.articulations.Staccato>,8,Articulation
buonamici171,<music21.note.Note G>,8,GeneralNote
buonamici172,<music21.articulations.Fingering 1>,8,Fingering
buonamici173,<music21.articulations.Staccato>,8,Articulation
buonamici174,<music21.note.Note E>,8,GeneralNote
buonamici175,<music21.articulations.Staccato>,8,Articulation
buonamici1535,<music21.spanner.Slur <music21.note.Note E><music21.note.Note B>>,8,Slur
buonamici1536,<music21.spanner.Slur <music21.note.Note C><music21.note.Note G>>,8,Slur
buonamici1691,<music21.expressions.TextExpression 'senza Ped.'>,8,TextExpression
buonamici176,<music21.note.Rest dotted-half>,9,GeneralNote
buonamici177,<music21.note.Note F#>,9,GeneralNote
buonamici178,<music21.articulations.Fingering 2>,9,Fingering
buonamici179,<music21.note.Note D>,9,GeneralNote
buonamici180,<music21.articulations.Fingering 4>,9,Fingering
buonamici181,<music21.note.Note G>,9,GeneralNote
buonamici182,<music21.articulations.Fingering 1>,9,Fingering
buonamici183,<music21.note.Note E>,9,GeneralNote
buonamici184,<music21.note.Note A>,9,GeneralNote
buonamici185,<music21.note.Note F#>,9,GeneralNote
buonamici186,<music21.note.Note B>,9,GeneralNote
buonamici187,<music21.articulations.Fingering 3>,9,Fingering
buonamici188,<music21.note.Note G>,9,GeneralNote
buonamici189,<music21.articulations.Fingering 1>,9,Fingering
buonamici190,<music21.note.Note C>,9,GeneralNote
buonamici191,<music21.articulations.Fingering 1>,9,Fingering
buonamici192,<music21.note.Note A>,9,GeneralNote
buonamici193,<music21.articulations.Fingering 3>,9,Fingering
buonamici194,<music21.note.Note D>,9,GeneralNote
buonamici195,<music21.note.Note B>,9,GeneralNote
buonamici196,<music21.note.Note E>,9,GeneralNote
buonamici197,<music21.articulations.Fingering 3>,9,Fingering
buonamici198,<music21.articulations.Staccato>,9,Articulation
buonamici199,<music21.note.Note C>,9,GeneralNote
buonamici200,<music21.articulations.Fingering 1>,9,Fingering
buonamici201,<music21.articulations.Staccato>,9,Articulation
buonamici202,<music21.note.Note D>,9,GeneralNote
buonamici203,<music21.articulations.Fingering 2>,9,Fingering
buonamici204,<music21.articulations.Staccato>,9,Articulation
buonamici205,<music21.note.Note B>,9,GeneralNote
buonamici206,<music21.articulations.Fingering 2>,9,Fingering
buonamici207,<music21.articulations.Staccato>,9,Articulation
buonamici208,<music21.note.Note C>,9,GeneralNote
buonamici209,<music21.articulations.Fingering 1>,9,Fingering
buonamici210,<music21.articulations.Staccato>,9,Articulation
buonamici211,<music21.note.Note A>,9,GeneralNote
buonamici212,<music21.articulations.Fingering 3>,9,Fingering
buonamici213,<music21.articulations.Staccato>,9,Articulation
buonamici1537,<music21.spanner.Slur <music21.note.Note F#><music21.note.Note E>>,9,Slur
buonamici1538,<music21.spanner.Slur <music21.note.Note D><music21.note.Note C>>,9,Slur
buonamici1638,<music21.dynamics.Crescendo <music21.note.Note F#><music21.note.Note D>>,9,DynamicRegion
buonamici1640,<music21.dynamics.Diminuendo <music21.note.Note E><music21.note.Note C>>,9,DynamicRegion
buonamici214,<music21.note.Rest dotted-half>,10,GeneralNote
buonamici215,<music21.note.Note B>,10,GeneralNote
buonamici216,<music21.articulations.Fingering 1>,10,Fingering
buonamici217,<music21.articulations.Staccato>,10,Articulation
buonamici218,<music21.note.Note G>,10,GeneralNote
buonamici219,<music21.articulations.Fingering 3>,10,Fingering
buonamici220,<music21.articulations.Staccato>,10,Articulation
buonamici221,<music21.note.Note C>,10,GeneralNote
buonamici222,<music21.articulations.Fingering 2>,10,Fingering
buonamici223,<music21.note.Note A>,10,GeneralNote
buonamici224,<music21.articulations.Fingering 2>,10,Fingering
buonamici225,<music21.note.Note D>,10,GeneralNote
buonamici226,<music21.articulations.Fingering 3>,10,Fingering
buonamici227,<music21.note.Note B>,10,GeneralNote
buonamici228,<music21.articulations.Fingering 1>,10,Fingering
buonamici229,<music21.note.Note E>,10,GeneralNote
buonamici230,<music21.articulations.Fingering 1>,10,Fingering
buonamici231,<music21.note.Note C>,10,GeneralNote
buonamici232,<music21.articulations.Fingering 3>,10,Fingering
buonamici233,<music21.note.Note F#>,10,GeneralNote
buonamici234,<music21.note.Note D>,10,GeneralNote
buonamici235,<music21.note.Note G>,10,GeneralNote
buonamici236,<music21.articulations.Fingering 3>,10,Fingering
buonamici237,<music21.articulations.Staccato>,10,Articulation
buonamici238,<music21.note.Note E>,10,GeneralNote
buonamici239,<music21.articulations.Staccato>,10,Articulation
buonamici240,<music21.note.Note F#>,10,GeneralNote
buonamici241,<music21.articulations.Staccato>,10,Articulation
buonamici242,<music21.note.Note D>,10,GeneralNote
buonamici243,<music21.articulations.Staccato>,10,Articulation
buonamici244,<music21.note.Note E>,10,GeneralNote
buonamici245,<music21.articulations.Staccato>,10,Articulation
buonamici246,<music21.note.Note C>,10,GeneralNote
buonamici247,<music21.articulations.Staccato>,10,Articulation
buonamici1539,<music21.spanner.Slur <music21.note.Note C><music21.note.Note G>>,10,Slur
buonamici1540,<music21.spanner.Slur <music21.note.Note A><music21.note.Note E>>,10,Slur
buonamici248,<music21.note.Rest dotted-half>,11,GeneralNote
buonamici249,<music21.note.Note D>,11,GeneralNote
buonamici250,<music21.articulations.Fingering 1>,11,Fingering
buonamici251,<music21.note.Note B>,11,GeneralNote
buonamici252,<music21.articulations.Fingering 4>,11,Fingering
buonamici253,<music21.note.Note E>,11,GeneralNote
buonamici254,<music21.note.Note C>,11,GeneralNote
buonamici255,<music21.note.Note F#>,11,GeneralNote
buonamici256,<music21.note.Note D>,11,GeneralNote
buonamici257,<music21.note.Note G>,11,GeneralNote
buonamici258,<music21.articulations.Fingering 1>,11,Fingering
buonamici259,<music21.note.Note E>,11,GeneralNote
buonamici260,<music21.note.Note A>,11,GeneralNote
buonamici261,<music21.note.Note F#>,11,GeneralNote
buonamici262,<music21.articulations.Fingering 4>,11,Fingering
buonamici263,<music21.note.Note B>,11,GeneralNote
buonamici264,<music21.note.Note G>,11,GeneralNote
buonamici265,<music21.note.Note C>,11,GeneralNote
buonamici266,<music21.note.Note A>,11,GeneralNote
buonamici267,<music21.note.Note D>,11,GeneralNote
buonamici268,<music21.articulations.Fingering 5>,11,Fingering
buonamici269,<music21.articulations.Staccato>,11,Articulation
buonamici270,<music21.note.Note B>,11,GeneralNote
buonamici271,<music21.articulations.Staccato>,11,Articulation
buonamici272,<music21.note.Note C>,11,GeneralNote
buonamici273,<music21.articulations.Staccato>,11,Articulation
buonamici274,<music21.note.Note A>,11,GeneralNote
buonamici275,<music21.articulations.Staccato>,11,Articulation
buonamici276,<music21.note.Note B>,11,GeneralNote
buonamici277,<music21.articulations.Staccato>,11,Articulation
buonamici278,<music21.note.Note G>,11,GeneralNote
buonamici279,<music21.articulations.Staccato>,11,Articulation
buonamici280,<music21.note.Rest 16th>,11,GeneralNote
buonamici281,<music21.note.Rest 16th>,11,GeneralNote
buonamici1541,<music21.spanner.Slur <music21.note.Note D><music21.note.Note D>>,11,Slur
buonamici1542,<music21.spanner.Slur <music21.note.Note B><music21.note.Note B>>,11,Slur
buonamici1642,<music21.dynamics.Crescendo <music21.note.Note D><music21.note.Note C>>,11,DynamicRegion
buonamici1644,<music21.dynamics.Diminuendo <music21.note.Note D><music21.note.Note B>>,11,DynamicRegion
buonamici282,<music21.note.Note A>,12,GeneralNote
buonamici283,<music21.note.Note A>,12,GeneralNote
buonamici284,<music21.chord.Chord A4 F#5>,12,GeneralNote
buonamici285,<music21.note.Note D>,12,GeneralNote
buonamici286,<music21.note.Note B>,12,GeneralNote
buonamici287,<music21.note.Note A>,12,GeneralNote
buonamici288,<music21.note.Note B>,12,GeneralNote
buonamici289,<music21.note.Note A>,12,GeneralNote
buonamici290,<music21.note.Note B>,12,GeneralNote
buonamici291,<music21.note.Note A>,12,GeneralNote
buonamici292,<music21.note.Note B>,12,GeneralNote
buonamici293,<music21.note.Note A>,12,GeneralNote
buonamici294,<music21.articulations.Staccato>,12,Articulation
buonamici295,<music21.note.Note A>,12,GeneralNote
buonamici296,<music21.articulations.Fingering 1>,12,Fingering
buonamici297,<music21.articulations.Staccato>,12,Articulation
buonamici298,<music21.chord.Chord F#4 A4 D5>,12,GeneralNote
buonamici299,<music21.note.Rest 1.25ql>,12,GeneralNote
buonamici300,<music21.note.Rest 1.25ql>,12,GeneralNote
buonamici301,<music21.note.Note D>,12,GeneralNote
buonamici302,<music21.articulations.Staccato>,12,Articulation
buonamici303,<music21.note.Note D>,12,GeneralNote
buonamici304,<music21.articulations.Staccato>,12,Articulation
buonamici305,<music21.note.Note D>,12,GeneralNote
buonamici306,<music21.articulations.Staccato>,12,Articulation
buonamici307,<music21.note.Note D>,12,GeneralNote
buonamici308,<music21.articulations.Staccato>,12,Articulation
buonamici1520,<music21.spanner.Slur <music21.note.Note A><music21.note.Note B>>,12,Slur
buonamici1543,<music21.spanner.Slur <music21.chord.Chord A4 F#5><music21.chord.Chord F#4 A4 D5>>,12,Slur
buonamici309,<music21.note.Note E>,13,GeneralNote
buonamici310,<music21.note.Note E>,13,GeneralNote
buonamici311,<music21.chord.Chord G4 B4>,13,GeneralNote
buonamici312,<music21.note.Note D>,13,GeneralNote
buonamici313,<music21.note.Note F#>,13,GeneralNote
buonamici314,<music21.note.Note E>,13,GeneralNote
buonamici315,<music21.note.Note F#>,13,GeneralNote
buonamici316,<music21.note.Note E>,13,GeneralNote
buonamici317,<music21.note.Note F#>,13,GeneralNote
buonamici318,<music21.note.Note E>,13,GeneralNote
buonamici319,<music21.note.Note D>,13,GeneralNote
buonamici320,<music21.note.Note D>,13,GeneralNote
buonamici321,<music21.articulations.Fingering 1>,13,Fingering
buonamici322,<music21.note.Rest quarter>,13,GeneralNote
buonamici323,<music21.note.Note D>,13,GeneralNote
buonamici324,<music21.articulations.Fingering 2>,13,Fingering
buonamici325,<music21.articulations.Staccato>,13,Articulation
buonamici326,<music21.chord.Chord F#4 A4>,13,GeneralNote
buonamici327,<music21.note.Rest 1.25ql>,13,GeneralNote
buonamici328,<music21.note.Rest 1.25ql>,13,GeneralNote
buonamici329,<music21.note.Note D>,13,GeneralNote
buonamici330,<music21.articulations.Staccato>,13,Articulation
buonamici331,<music21.note.Rest eighth>,13,GeneralNote
buonamici332,<music21.note.Note D>,13,GeneralNote
buonamici333,<music21.articulations.Fingering 1>,13,Fingering
buonamici334,<music21.articulations.Staccato>,13,Articulation
buonamici1521,<music21.spanner.Slur <music21.note.Note E><music21.note.Note E>>,13,Slur
buonamici1544,<music21.spanner.Slur <music21.note.Note E><music21.note.Note D>>,13,Slur
buonamici1545,<music21.spanner.Slur <music21.chord.Chord G4 B4><music21.chord.Chord F#4 A4>>,13,Slur
buonamici335,<music21.note.Rest dotted-half>,14,GeneralNote
buonamici336,<music21.note.Note E>,14,GeneralNote
buonamici337,<music21.chord.Chord G4 B4>,14,GeneralNote
buonamici338,<music21.note.Note D>,14,GeneralNote
buonamici339,<music21.note.Note D>,14,GeneralNote
buonamici340,<music21.note.Note D>,14,GeneralNote
buonamici341,<music21.articulations.Fingering 1>,14,Fingering
buonamici342,<music21.articulations.Staccato>,14,Articulation
buonamici343,<music21.chord.Chord F#4 A4>,14,GeneralNote
buonamici344,<music21.note.Rest 16th>,14,GeneralNote
buonamici345,<music21.note.Rest 16th>,14,GeneralNote
buonamici346,<music21.note.Note D>,14,GeneralNote
buonamici347,<music21.note.Note E>,14,GeneralNote
buonamici348,<music21.note.Note C>,14,GeneralNote
buonamici349,<music21.note.Note F#>,14,GeneralNote
buonamici1546,<music21.spanner.Slur <music21.note.Note E><music21.note.Note D>>,14,Slur
buonamici1547,<music21.spanner.Slur <music21.note.Note D><music21.note.Note G>>,14,Slur
buonamici1646,<music21.dynamics.Crescendo <music21.note.Note D><music21.note.Note B>>,14,DynamicRegion
buonamici350,<music21.note.Note B>,15,GeneralNote
buonamici351,<music21.articulations.Fingering 1>,15,Fingering
buonamici352,<music21.note.Note C>,15,GeneralNote
buonamici353,<music21.articulations.Fingering 4>,15,Fingering
buonamici354,<music21.note.Rest dotted-half>,15,GeneralNote
buonamici355,<music21.note.Note B>,15,GeneralNote
buonamici356,<music21.articulations.Fingering 3>,15,Fingering
buonamici357,<music21.note.Note B>,15,GeneralNote
buonamici358,<music21.note.Note G>,15,GeneralNote
buonamici359,<music21.note.Rest 16th>,15,GeneralNote
buonamici360,<music21.note.Rest 16th>,15,GeneralNote
buonamici361,<music21.note.Note A>,15,GeneralNote
buonamici362,<music21.note.Note G>,15,GeneralNote
buonamici363,<music21.note.Note C>,15,GeneralNote
buonamici364,<music21.chord.Chord B4 G5>,15,GeneralNote
buonamici365,<music21.articulations.Fingering 1>,15,Fingering
buonamici366,<music21.articulations.Fingering 4>,15,Fingering
buonamici367,<music21.note.Note D>,15,GeneralNote
buonamici368,<music21.note.Note D>,15,GeneralNote
buonamici369,<music21.chord.Chord C5 A5>,15,GeneralNote
buonamici370,<music21.articulations.Fingering 2>,15,Fingering
buonamici371,<music21.articulations.Fingering 5>,15,Fingering
buonamici372,<music21.chord.Chord A4 F#5>,15,GeneralNote
buonamici373,<music21.articulations.Fingering 1>,15,Fingering
buonamici374,<music21.articulations.Fingering 4>,15,Fingering
buonamici375,<music21.note.Rest 16th>,15,GeneralNote
buonamici376,<music21.note.Rest 16th>,15,GeneralNote
buonamici1548,<music21.spanner.Slur <music21.note.Note B><music21.note.Note B>>,15,Slur
buonamici1549,<music21.spanner.Slur <music21.chord.Chord B4 G5><music21.chord.Chord A4 F#5>>,15,Slur
buonamici1550,<music21.spanner.Slur <music21.note.Note G><music21.note.Note D>>,15,Slur
buonamici1648,<music21.dynamics.Diminuendo <music21.note.Note A><music21.chord.Chord A4 F#5>>,15,DynamicRegion
buonamici377,<music21.note.Rest dotted-half>,16,GeneralNote
buonamici378,<music21.chord.Chord B4 G5>,16,GeneralNote
buonamici379,<music21.chord.Chord D4 G4>,16,GeneralNote
buonamici380,<music21.articulations.Fingering 3>,16,Fingering
buonamici381,<music21.articulations.Staccato>,16,Articulation
buonamici382,<music21.articulations.Fingering 1>,16,Fingering
buonamici383,<music21.chord.Chord D5 A5>,16,GeneralNote
buonamici384,<music21.chord.Chord B4 G5>,16,GeneralNote
buonamici385,<music21.chord.Chord G3 D4>,16,GeneralNote
buonamici386,<music21.articulations.Fingering 5>,16,Fingering
buonamici387,<music21.articulations.Staccato>,16,Articulation
buonamici388,<music21.articulations.Fingering 2>,16,Fingering
buonamici389,<music21.chord.Chord D5 A5>,16,GeneralNote
buonamici390,<music21.chord.Chord B4 G5>,16,GeneralNote
buonamici391,<music21.chord.Chord D3 G3>,16,GeneralNote
buonamici392,<music21.articulations.Fingering 3>,16,Fingering
buonamici393,<music21.articulations.Staccato>,16,Articulation
buonamici394,<music21.articulations.Fingering 1>,16,Fingering
buonamici395,<music21.chord.Chord D5 A5>,16,GeneralNote
buonamici396,<music21.chord.Chord B4 G5>,16,GeneralNote
buonamici397,<music21.articulations.Staccato>,16,Articulation
buonamici398,<music21.chord.Chord G2 D3>,16,GeneralNote
buonamici399,<music21.articulations.Fingering 5>,16,Fingering
buonamici400,<music21.articulations.Tenuto>,16,Articulation
buonamici401,<music21.articulations.Fingering 2>,16,Fingering
buonamici402,<music21.chord.Chord C5 A5>,16,GeneralNote
buonamici403,<music21.articulations.Fingering 2>,16,Fingering
buonamici404,<music21.articulations.Staccato>,16,Articulation
buonamici405,<music21.articulations.Fingering 5>,16,Fingering
buonamici406,<music21.chord.Chord G4 D5>,16,GeneralNote
buonamici407,<music21.articulations.Fingering 1>,16,Fingering
buonamici408,<music21.articulations.Staccato>,16,Articulation
buonamici409,<music21.articulations.Fingering 3>,16,Fingering
buonamici1551,<music21.spanner.Slur <music21.chord.Chord B4 G5><music21.chord.Chord B4 G5>>,16,Slur
buonamici1624,<music21.dynamics.Dynamic p>,16,DynamicPoint
buonamici410,<music21.note.Rest dotted-half>,17,GeneralNote
buonamici411,<music21.chord.Chord G5 B5>,17,GeneralNote
buonamici412,<music21.articulations.Fingering 2>,17,Fingering
buonamici413,<music21.articulations.Fingering 4>,17,Fingering
buonamici414,<music21.chord.Chord D4 B4>,17,GeneralNote
buonamici415,<music21.articulations.Staccato>,17,Articulation
buonamici416,<music21.chord.Chord D5 A5>,17,GeneralNote
buonamici417,<music21.articulations.Fingering 1>,17,Fingering
buonamici418,<music21.articulations.Fingering 3>,17,Fingering
buonamici419,<music21.chord.Chord G5 B5>,17,GeneralNote
buonamici420,<music21.chord.Chord G3 D4>,17,GeneralNote
buonamici421,<music21.articulations.Staccato>,17,Articulation
buonamici422,<music21.chord.Chord D5 A5>,17,GeneralNote
buonamici423,<music21.chord.Chord G5 B5>,17,GeneralNote
buonamici424,<music21.chord.Chord D3 G3>,17,GeneralNote
buonamici425,<music21.articulations.Staccato>,17,Articulation
buonamici426,<music21.chord.Chord D5 A5>,17,GeneralNote
buonamici427,<music21.note.Note G>,17,GeneralNote
buonamici428,<music21.articulations.Staccato>,17,Articulation
buonamici429,<music21.chord.Chord G2 D3>,17,GeneralNote
buonamici430,<music21.articulations.Tenuto>,17,Articulation
buonamici431,<music21.chord.Chord D5 A5>,17,GeneralNote
buonamici432,<music21.articulations.Fingering 2>,17,Fingering
buonamici433,<music21.articulations.Staccato>,17,Articulation
buonamici434,<music21.articulations.Fingering 5>,17,Fingering
buonamici435,<music21.chord.Chord G4 D5>,17,GeneralNote
buonamici436,<music21.articulations.Fingering 1>,17,Fingering
buonamici437,<music21.articulations.Staccato>,17,Articulation
buonamici438,<music21.articulations.Fingering 3>,17,Fingering
buonamici1552,<music21.spanner.Slur <music21.chord.Chord G5 B5><music21.note.Note G>>,17,Slur
buonamici439,<music21.note.Rest dotted-half>,18,GeneralNote
buonamici440,<music21.chord.Chord G5 B5>,18,GeneralNote
buonamici441,<music21.chord.Chord D4 G4>,18,GeneralNote
buonamici442,<music21.articulations.Staccato>,18,Articulation
buonamici443,<music21.chord.Chord D5 A5>,18,GeneralNote
buonamici444,<music21.chord.Chord G5 B5>,18,GeneralNote
buonamici445,<music21.chord.Chord G3 D4>,18,GeneralNote
buonamici446,<music21.articulations.Staccato>,18,Articulation
buonamici447,<music21.chord.Chord D5 A5>,18,GeneralNote
buonamici448,<music21.chord.Chord G5 B5>,18,GeneralNote
buonamici449,<music21.chord.Chord D3 G3>,18,GeneralNote
buonamici450,<music21.articulations.Staccato>,18,Articulation
buonamici451,<music21.chord.Chord D5 A5>,18,GeneralNote
buonamici452,<music21.note.Note G>,18,GeneralNote
buonamici453,<music21.articulations.Fingering 2>,18,Fingering
buonamici454,<music21.articulations.Staccato>,18,Articulation
buonamici455,<music21.chord.Chord G2 D3>,18,GeneralNote
buonamici456,<music21.articulations.Tenuto>,18,Articulation
buonamici457,<music21.chord.Chord D5 A5>,18,GeneralNote
buonamici458,<music21.articulations.Fingering 1>,18,Fingering
buonamici459,<music21.articulations.Staccato>,18,Articulation
buonamici460,<music21.articulations.Fingering 3>,18,Fingering
buonamici461,<music21.note.Note D>,18,GeneralNote
buonamici462,<music21.articulations.Fingering 2>,18,Fingering
buonamici463,<music21.articulations.Staccato>,18,Articulation
buonamici464,<music21.chord.Chord F#4 A4 C5>,18,GeneralNote
buonamici1553,<music21.spanner.Slur <music21.chord.Chord G5 B5><music21.note.Note G>>,18,Slur
buonamici465,<music21.note.Rest dotted-half>,19,GeneralNote
buonamici466,<music21.chord.Chord G5 B5>,19,GeneralNote
buonamici467,<music21.articulations.Fingering 1>,19,Fingering
buonamici468,<music21.articulations.Fingering 3>,19,Fingering
buonamici469,<music21.chord.Chord B4 D5>,19,GeneralNote
buonamici470,<music21.chord.Chord A5 C6>,19,GeneralNote
buonamici471,<music21.articulations.Fingering 2>,19,Fingering
buonamici472,<music21.articulations.Fingering 4>,19,Fingering
buonamici473,<music21.chord.Chord B5 D6>,19,GeneralNote
buonamici474,<music21.articulations.Fingering 3>,19,Fingering
buonamici475,<music21.articulations.Fingering 5>,19,Fingering
buonamici476,<music21.note.Rest 16th>,19,GeneralNote
buonamici477,<music21.note.Rest 16th>,19,GeneralNote
buonamici478,<music21.chord.Chord B5 D6>,19,GeneralNote
buonamici479,<music21.chord.Chord E4 G4 B4 D5>,19,GeneralNote
buonamici480,<music21.chord.Chord A5 C6>,19,GeneralNote
buonamici481,<music21.chord.Chord G5 B5>,19,GeneralNote
buonamici482,<music21.note.Rest 16th>,19,GeneralNote
buonamici483,<music21.note.Rest 16th>,19,GeneralNote
buonamici1554,<music21.spanner.Slur <music21.chord.Chord B4 D5><music21.chord.Chord E4 G4 B4 D5>>,19,Slur
buonamici1555,<music21.spanner.Slur <music21.chord.Chord B4 D5><music21.chord.Chord E4 G4 B4 D5>>,19,Slur
buonamici1556,<music21.spanner.Slur <music21.chord.Chord B4 D5><music21.note.Note D>>,19,Slur
buonamici1650,<music21.dynamics.Crescendo <music21.chord.Chord G5 B5><music21.chord.Chord B5 D6>>,19,DynamicRegion
buonamici1652,<music21.dynamics.Diminuendo <music21.chord.Chord B5 D6><music21.chord.Chord G5 B5>>,19,DynamicRegion
buonamici484,<music21.note.Rest dotted-half>,20,GeneralNote
buonamici485,<music21.note.Note A>,20,GeneralNote
buonamici486,<music21.articulations.Fingering 2>,20,Fingering
buonamici487,<music21.chord.Chord F#4 A4 C5>,20,GeneralNote
buonamici488,<music21.note.Note G>,20,GeneralNote
buonamici489,<music21.articulations.Fingering 1>,20,Fingering
buonamici490,<music21.chord.Chord F#5 A5>,20,GeneralNote
buonamici491,<music21.articulations.Fingering 2>,20,Fingering
buonamici492,<music21.articulations.Fingering 4>,20,Fingering
buonamici493,<music21.note.Note E>,20,GeneralNote
buonamici494,<music21.articulations.Fingering 1>,20,Fingering
buonamici495,<music21.chord.Chord D5 F#5>,20,GeneralNote
buonamici496,<music21.articulations.Fingering 2>,20,Fingering
buonamici497,<music21.articulations.Fingering 4>,20,Fingering
buonamici498,<music21.note.Note C>,20,GeneralNote
buonamici499,<music21.articulations.Fingering 1>,20,Fingering
buonamici500,<music21.chord.Chord B4 D5>,20,GeneralNote
buonamici501,<music21.articulations.Fingering 3>,20,Fingering
buonamici502,<music21.articulations.Fingering 5>,20,Fingering
buonamici503,<music21.note.Note D>,20,GeneralNote
buonamici504,<music21.note.Note A>,20,GeneralNote
buonamici505,<music21.articulations.Fingering 2>,20,Fingering
buonamici506,<music21.note.Note G>,20,GeneralNote
buonamici507,<music21.articulations.Fingering 1>,20,Fingering
buonamici508,<music21.note.Rest eighth>,20,GeneralNote
buonamici509,<music21.note.Note F#>,20,GeneralNote
buonamici510,<music21.articulations.Fingering 3>,20,Fingering
buonamici511,<music21.note.Note E>,20,GeneralNote
buonamici512,<music21.articulations.Fingering 2>,20,Fingering
buonamici513,<music21.note.Rest eighth>,20,GeneralNote
buonamici514,<music21.note.Note D>,20,GeneralNote
buonamici515,<music21.articulations.Fingering 1>,20,Fingering
buonamici1557,<music21.spanner.Slur <music21.note.Note A><music21.note.Note D>>,20,Slur
buonamici1654,<music21.dynamics.Diminuendo <music21.note.Note G><music21.note.Note D>>,20,DynamicRegion
buonamici516,<music21.note.Rest dotted-half>,21,GeneralNote
buonamici517,<music21.chord.Chord G4 B4>,21,GeneralNote
buonamici518,<music21.articulations.Fingering 2>,21,Fingering
buonamici519,<music21.articulations.Fingering 4>,21,Fingering
buonamici520,<music21.note.Note G>,21,GeneralNote
buonamici521,<music21.articulations.Fingering 2>,21,Fingering
buonamici522,<music21.articulations.Staccato>,21,Articulation
buonamici523,<music21.chord.Chord D4 A4>,21,GeneralNote
buonamici524,<music21.articulations.Fingering 1>,21,Fingering
buonamici525,<music21.articulations.Fingering 3>,21,Fingering
buonamici526,<music21.chord.Chord G4 B4>,21,GeneralNote
buonamici527,<music21.note.Note D>,21,GeneralNote
buonamici528,<music21.articulations.Fingering 1>,21,Fingering
buonamici529,<music21.articulations.Staccato>,21,Articulation
buonamici530,<music21.chord.Chord D4 A4>,21,GeneralNote
buonamici531,<music21.chord.Chord G4 B4>,21,GeneralNote
buonamici532,<music21.note.Note G>,21,GeneralNote
buonamici533,<music21.articulations.Fingering 2>,21,Fingering
buonamici534,<music21.articulations.Staccato>,21,Articulation
buonamici535,<music21.chord.Chord D4 A4>,21,GeneralNote
buonamici536,<music21.note.Note G>,21,GeneralNote
buonamici537,<music21.articulations.Staccato>,21,Articulation
buonamici538,<music21.note.Note D>,21,GeneralNote
buonamici539,<music21.articulations.Fingering 5>,21,Fingering
buonamici540,<music21.articulations.Tenuto>,21,Articulation
buonamici541,<music21.note.Note A>,21,GeneralNote
buonamici542,<music21.articulations.Staccato>,21,Articulation
buonamici543,<music21.note.Note D>,21,GeneralNote
buonamici544,<music21.articulations.Staccato>,21,Articulation
buonamici1558,<music21.spanner.Slur <music21.chord.Chord G4 B4><music21.note.Note G>>,21,Slur
buonamici1625,<music21.dynamics.Dynamic pp>,21,DynamicPoint
buonamici545,<music21.note.Rest dotted-half>,22,GeneralNote
buonamici546,<music21.chord.Chord G4 B4>,22,GeneralNote
buonamici547,<music21.note.Note G>,22,GeneralNote
buonamici548,<music21.articulations.Fingering 2>,22,Fingering
buonamici549,<music21.articulations.Staccato>,22,Articulation
buonamici550,<music21.chord.Chord D4 A4>,22,GeneralNote
buonamici551,<music21.chord.Chord G4 B4>,22,GeneralNote
buonamici552,<music21.note.Note D>,22,GeneralNote
buonamici553,<music21.articulations.Fingering 1>,22,Fingering
buonamici554,<music21.articulations.Staccato>,22,Articulation
buonamici555,<music21.chord.Chord D4 A4>,22,GeneralNote
buonamici556,<music21.chord.Chord G4 B4>,22,GeneralNote
buonamici557,<music21.note.Note G>,22,GeneralNote
buonamici558,<music21.articulations.Fingering 2>,22,Fingering
buonamici559,<music21.articulations.Staccato>,22,Articulation
buonamici560,<music21.chord.Chord D4 A4>,22,GeneralNote
buonamici561,<music21.note.Note G>,22,GeneralNote
buonamici562,<music21.articulations.Staccato>,22,Articulation
buonamici563,<music21.note.Note D>,22,GeneralNote
buonamici564,<music21.articulations.Tenuto>,22,Articulation
buonamici565,<music21.note.Note A>,22,GeneralNote
buonamici566,<music21.articulations.Staccato>,22,Articulation
buonamici567,<music21.note.Note D>,22,GeneralNote
buonamici568,<music21.articulations.Staccato>,22,Articulation
buonamici1559,<music21.spanner.Slur <music21.chord.Chord G4 B4><music21.note.Note G>>,22,Slur
buonamici569,<music21.note.Rest dotted-half>,23,GeneralNote
buonamici570,<music21.chord.Chord G4 B4>,23,GeneralNote
buonamici571,<music21.note.Note G>,23,GeneralNote
buonamici572,<music21.articulations.Staccato>,23,Articulation
buonamici573,<music21.chord.Chord D4 A4>,23,GeneralNote
buonamici574,<music21.chord.Chord G4 B4>,23,GeneralNote
buonamici575,<music21.note.Note D>,23,GeneralNote
buonamici576,<music21.articulations.Staccato>,23,Articulation
buonamici577,<music21.chord.Chord D4 A4>,23,GeneralNote
buonamici578,<music21.chord.Chord G4 B4>,23,GeneralNote
buonamici579,<music21.note.Note G>,23,GeneralNote
buonamici580,<music21.articulations.Staccato>,23,Articulation
buonamici581,<music21.chord.Chord D4 A4>,23,GeneralNote
buonamici582,<music21.note.Note G>,23,GeneralNote
buonamici583,<music21.articulations.Staccato>,23,Articulation
buonamici584,<music21.note.Note D>,23,GeneralNote
buonamici585,<music21.articulations.Tenuto>,23,Articulation
buonamici586,<music21.note.Note A>,23,GeneralNote
buonamici587,<music21.articulations.Staccato>,23,Articulation
buonamici588,<music21.note.Note D>,23,GeneralNote
buonamici589,<music21.articulations.Staccato>,23,Articulation
buonamici1560,<music21.spanner.Slur <music21.chord.Chord G4 B4><music21.note.Note G>>,23,Slur
buonamici590,<music21.note.Rest dotted-half>,24,GeneralNote
buonamici591,<music21.note.Note B>,24,GeneralNote
buonamici592,<music21.note.Note G>,24,GeneralNote
buonamici593,<music21.note.Note G>,24,GeneralNote
buonamici594,<music21.note.Note A>,24,GeneralNote
buonamici595,<music21.note.Note G>,24,GeneralNote
buonamici596,<music21.note.Note E>,24,GeneralNote
buonamici597,<music21.note.Note C>,24,GeneralNote
buonamici598,<music21.note.Rest 16th>,24,GeneralNote
buonamici599,<music21.note.Rest 16th>,24,GeneralNote
buonamici600,<music21.note.Note B>,24,GeneralNote
buonamici601,<music21.note.Note G>,24,GeneralNote
buonamici602,<music21.note.Note D>,24,GeneralNote
buonamici603,<music21.note.Note C>,24,GeneralNote
buonamici604,<music21.note.Note A>,24,GeneralNote
buonamici605,<music21.note.Note A>,24,GeneralNote
buonamici606,<music21.note.Note F#>,24,GeneralNote
buonamici607,<music21.note.Note D>,24,GeneralNote
buonamici608,<music21.note.Rest 16th>,24,GeneralNote
buonamici609,<music21.note.Rest 16th>,24,GeneralNote
buonamici1561,<music21.spanner.Slur <music21.note.Note B><music21.note.Note G>>,24,Slur
buonamici1562,<music21.spanner.Slur <music21.note.Note G><music21.chord.Chord G2 D3 B3>>,24,Slur
buonamici610,<music21.note.Rest dotted-half>,25,GeneralNote
buonamici611,<music21.note.Note G>,25,GeneralNote
buonamici612,<music21.articulations.Fingering 1>,25,Fingering
buonamici613,<music21.chord.Chord G2 D3 B3>,25,GeneralNote
buonamici614,<music21.note.Note A>,25,GeneralNote
buonamici615,<music21.note.Note B>,25,GeneralNote
buonamici616,<music21.note.Note C>,25,GeneralNote
buonamici617,<music21.articulations.Fingering 1>,25,Fingering
buonamici618,<music21.note.Note D>,25,GeneralNote
buonamici619,<music21.note.Note E>,25,GeneralNote
buonamici620,<music21.note.Note F#>,25,GeneralNote
buonamici621,<music21.note.Note G>,25,GeneralNote
buonamici622,<music21.articulations.Fingering 1>,25,Fingering
buonamici623,<music21.note.Note A>,25,GeneralNote
buonamici624,<music21.articulations.Fingering 2>,25,Fingering
buonamici625,<music21.chord.Chord G5 B5>,25,GeneralNote
buonamici626,<music21.articulations.Fingering 2>,25,Fingering
buonamici627,<music21.articulations.Fingering 4>,25,Fingering
buonamici628,<music21.chord.Chord G2 D3 B3>,25,GeneralNote
buonamici629,<music21.chord.Chord D5 B5 D6>,25,GeneralNote
buonamici630,<music21.articulations.Fingering 1>,25,Fingering
buonamici631,<music21.articulations.Fingering 3>,25,Fingering
buonamici632,<music21.articulations.Fingering 5>,25,Fingering
buonamici633,<music21.chord.Chord G4 D5>,25,GeneralNote
buonamici634,<music21.articulations.Fingering 2>,25,Fingering
buonamici635,<music21.articulations.Staccato>,25,Articulation
buonamici636,<music21.articulations.Fingering 5>,25,Fingering
buonamici1563,<music21.spanner.Slur <music21.note.Note G><music21.chord.Chord G5 B5>>,25,Slur
buonamici1564,<music21.spanner.Slur <music21.chord.Chord G5 B5><music21.chord.Chord D5 B5 D6>>,25,Slur
buonamici1626,<music21.dynamics.Dynamic pp>,25,DynamicPoint
buonamici1692,<music21.expressions.TextExpression 'rall.'>,25,TextExpression
buonamici637,<music21.note.Rest dotted-half>,26,GeneralNote
buonamici638,<music21.chord.Chord G5 B5>,26,GeneralNote
buonamici639,<music21.chord.Chord G2 D3 B3>,26,GeneralNote
buonamici640,<music21.chord.Chord D5 B5 D6>,26,GeneralNote
buonamici641,<music21.chord.Chord G4 D5>,26,GeneralNote
buonamici642,<music21.articulations.Staccato>,26,Articulation
buonamici643,<music21.chord.Chord G5 B5>,26,GeneralNote
buonamici644,<music21.chord.Chord G2 D3 B3>,26,GeneralNote
buonamici645,<music21.chord.Chord D5 B5 D6>,26,GeneralNote
buonamici646,<music21.chord.Chord G4 D5>,26,GeneralNote
buonamici647,<music21.articulations.Staccato>,26,Articulation
buonamici1565,<music21.spanner.Slur <music21.chord.Chord G5 B5><music21.chord.Chord D5 B5 D6>>,26,Slur
buonamici1566,<music21.spanner.Slur <music21.chord.Chord G5 B5><music21.chord.Chord D5 B5 D6>>,26,Slur
buonamici648,<music21.note.Rest dotted-half>,27,GeneralNote
buonamici649,<music21.chord.Chord G5 B5>,27,GeneralNote
buonamici650,<music21.note.Note D>,27,GeneralNote
buonamici651,<music21.note.Note G>,27,GeneralNote
buonamici652,<music21.chord.Chord A5 C6>,27,GeneralNote
buonamici653,<music21.note.Note G>,27,GeneralNote
buonamici654,<music21.chord.Chord G5 B5>,27,GeneralNote
buonamici655,<music21.note.Note D>,27,GeneralNote
buonamici656,<music21.chord.Chord A5 C6>,27,GeneralNote
buonamici657,<music21.note.Note G>,27,GeneralNote
buonamici658,<music21.chord.Chord G5 B5>,27,GeneralNote
buonamici659,<music21.note.Note D>,27,GeneralNote
buonamici660,<music21.chord.Chord A5 C6>,27,GeneralNote
buonamici661,<music21.note.Note G>,27,GeneralNote
buonamici662,<music21.chord.Chord G5 B5>,27,GeneralNote
buonamici663,<music21.note.Note D>,27,GeneralNote
buonamici664,<music21.chord.Chord A5 C6>,27,GeneralNote
buonamici665,<music21.note.Note G>,27,GeneralNote
buonamici666,<music21.chord.Chord G5 B5>,27,GeneralNote
buonamici667,<music21.note.Note D>,27,GeneralNote
buonamici668,<music21.chord.Chord A5 C6>,27,GeneralNote
buonamici669,<music21.note.Note G>,27,GeneralNote
buonamici670,<music21.chord.Chord G5 B5>,27,GeneralNote
buonamici671,<music21.note.Note D>,27,GeneralNote
buonamici672,<music21.chord.Chord A5 C6>,27,GeneralNote
buonamici673,<music21.note.Note G>,27,GeneralNote
buonamici1567,<music21.spanner.Slur <music21.chord.Chord G5 B5><music21.chord.Chord A5 C6>>,27,Slur
buonamici1568,<music21.spanner.Slur <music21.note.Note D><music21.note.Note G>>,27,Slur
buonamici1627,<music21.dynamics.Dynamic pp>,27,DynamicPoint
buonamici1693,<music21.expressions.TextExpression 'a tempo se...'>,27,TextExpression
buonamici674,<music21.note.Rest dotted-half>,28,GeneralNote
buonamici675,<music21.note.Note B>,28,GeneralNote
buonamici676,<music21.note.Note G>,28,GeneralNote
buonamici677,<music21.note.Note D>,28,GeneralNote
buonamici678,<music21.note.Note G>,28,GeneralNote
buonamici679,<music21.note.Note B>,28,GeneralNote
buonamici680,<music21.note.Note G>,28,GeneralNote
buonamici681,<music21.note.Note D>,28,GeneralNote
buonamici682,<music21.note.Note G>,28,GeneralNote
buonamici683,<music21.note.Note D>,28,GeneralNote
buonamici684,<music21.articulations.Fingering 2>,28,Fingering
buonamici685,<music21.note.Rest eighth>,28,GeneralNote
buonamici686,<music21.note.Rest eighth>,28,GeneralNote
buonamici687,<music21.note.Note G>,29,GeneralNote
buonamici688,<music21.articulations.Fingering 3>,29,Fingering
buonamici689,<music21.note.Note D>,29,GeneralNote
buonamici690,<music21.articulations.Fingering 1>,29,Fingering
buonamici691,<music21.chord.Chord G3 B3>,29,GeneralNote
buonamici692,<music21.note.Rest dotted-half>,29,GeneralNote
buonamici693,<music21.note.Note A>,29,GeneralNote
buonamici694,<music21.note.Note B>,29,GeneralNote
buonamici695,<music21.note.Note A>,29,GeneralNote
buonamici696,<music21.articulations.Fingering 3>,29,Fingering
buonamici697,<music21.note.Note D>,29,GeneralNote
buonamici698,<music21.articulations.Fingering 1>,29,Fingering
buonamici699,<music21.chord.Chord F#3 A3>,29,GeneralNote
buonamici700,<music21.note.Note B>,29,GeneralNote
buonamici701,<music21.note.Note C>,29,GeneralNote
buonamici702,<music21.note.Rest 16th>,29,GeneralNote
buonamici703,<music21.note.Rest 16th>,29,GeneralNote
buonamici1569,<music21.spanner.Slur <music21.note.Note G><music21.note.Note F>>,29,Slur
buonamici1570,<music21.spanner.Slur <music21.chord.Chord G3 B3><music21.chord.Chord E3 B3>>,29,Slur
buonamici1656,<music21.dynamics.Crescendo <music21.note.Note A><music21.note.Note E>>,29,DynamicRegion
buonamici1694,<music21.expressions.TextExpression 'dolce'>,29,TextExpression
buonamici704,<music21.note.Note B>,30,GeneralNote
buonamici705,<music21.articulations.Fingering 3>,30,Fingering
buonamici706,<music21.note.Note D>,30,GeneralNote
buonamici707,<music21.chord.Chord G3 B3>,30,GeneralNote
buonamici708,<music21.note.Rest dotted-half>,30,GeneralNote
buonamici709,<music21.note.Note C>,30,GeneralNote
buonamici710,<music21.note.Note D>,30,GeneralNote
buonamici711,<music21.note.Note D>,30,GeneralNote
buonamici712,<music21.note.Rest quarter>,30,GeneralNote
buonamici713,<music21.note.Rest quarter>,30,GeneralNote
buonamici714,<music21.chord.Chord F3 A3 D4>,30,GeneralNote
buonamici715,<music21.note.Note E>,30,GeneralNote
buonamici716,<music21.articulations.Fingering 4>,30,Fingering
buonamici717,<music21.note.Note F>,30,GeneralNote
buonamici718,<music21.articulations.Fingering 5>,30,Fingering
buonamici719,<music21.note.Rest eighth>,30,GeneralNote
buonamici720,<music21.note.Rest eighth>,30,GeneralNote
buonamici721,<music21.note.Rest 16th>,30,GeneralNote
buonamici722,<music21.note.Rest 16th>,30,GeneralNote
buonamici723,<music21.note.Note A>,31,GeneralNote
buonamici724,<music21.articulations.Fingering 3>,31,Fingering
buonamici725,<music21.note.Note E>,31,GeneralNote
buonamici726,<music21.articulations.Fingering 1>,31,Fingering
buonamici727,<music21.chord.Chord E3 B3>,31,GeneralNote
buonamici728,<music21.note.Rest dotted-half>,31,GeneralNote
buonamici729,<music21.note.Note G#>,31,GeneralNote
buonamici730,<music21.articulations.Fingering 2>,31,Fingering
buonamici731,<music21.note.Note A>,31,GeneralNote
buonamici732,<music21.articulations.Fingering 4>,31,Fingering
buonamici733,<music21.note.Note B>,31,GeneralNote
buonamici734,<music21.articulations.Fingering 3>,31,Fingering
buonamici735,<music21.note.Note E>,31,GeneralNote
buonamici736,<music21.articulations.Fingering 1>,31,Fingering
buonamici737,<music21.chord.Chord G#3 B3>,31,GeneralNote
buonamici738,<music21.note.Note C>,31,GeneralNote
buonamici739,<music21.note.Note D>,31,GeneralNote
buonamici740,<music21.note.Rest 16th>,31,GeneralNote
buonamici741,<music21.note.Rest 16th>,31,GeneralNote
buonamici1571,<music21.spanner.Slur <music21.note.Note A><music21.note.Note G>>,31,Slur
buonamici1572,<music21.spanner.Slur <music21.chord.Chord G#3 B3><music21.chord.Chord F#3 C#4>>,31,Slur
buonamici1658,<music21.dynamics.Crescendo <music21.note.Note A><music21.note.Note G>>,31,DynamicRegion
buonamici742,<music21.note.Note C>,32,GeneralNote
buonamici743,<music21.note.Note E>,32,GeneralNote
buonamici744,<music21.chord.Chord A3 C4>,32,GeneralNote
buonamici745,<music21.note.Rest dotted-half>,32,GeneralNote
buonamici746,<music21.note.Note D>,32,GeneralNote
buonamici747,<music21.note.Note E>,32,GeneralNote
buonamici748,<music21.note.Note E>,32,GeneralNote
buonamici749,<music21.note.Rest quarter>,32,GeneralNote
buonamici750,<music21.note.Rest quarter>,32,GeneralNote
buonamici751,<music21.chord.Chord G3 B3 E4>,32,GeneralNote
buonamici752,<music21.note.Note F#>,32,GeneralNote
buonamici753,<music21.articulations.Fingering 4>,32,Fingering
buonamici754,<music21.note.Note G>,32,GeneralNote
buonamici755,<music21.articulations.Fingering 5>,32,Fingering
buonamici756,<music21.note.Rest eighth>,32,GeneralNote
buonamici757,<music21.note.Rest eighth>,32,GeneralNote
buonamici758,<music21.note.Rest 16th>,32,GeneralNote
buonamici759,<music21.note.Rest 16th>,32,GeneralNote
buonamici760,<music21.note.Note B>,33,GeneralNote
buonamici761,<music21.articulations.Fingering 3>,33,Fingering
buonamici762,<music21.note.Note F#>,33,GeneralNote
buonamici763,<music21.chord.Chord F#3 C#4>,33,GeneralNote
buonamici764,<music21.note.Rest dotted-half>,33,GeneralNote
buonamici765,<music21.note.Note A#>,33,GeneralNote
buonamici766,<music21.articulations.Fingering 2>,33,Fingering
buonamici767,<music21.note.Note B>,33,GeneralNote
buonamici768,<music21.articulations.Fingering 4>,33,Fingering
buonamici769,<music21.note.Note C#>,33,GeneralNote
buonamici770,<music21.articulations.Fingering 3>,33,Fingering
buonamici771,<music21.note.Note F#>,33,GeneralNote
buonamici772,<music21.chord.Chord A#3 C#4>,33,GeneralNote
buonamici773,<music21.note.Note D#>,33,GeneralNote
buonamici774,<music21.note.Note E>,33,GeneralNote
buonamici775,<music21.note.Rest 16th>,33,GeneralNote
buonamici776,<music21.note.Rest 16th>,33,GeneralNote
buonamici1573,<music21.spanner.Slur <music21.note.Note B><music21.note.Note A>>,33,Slur
buonamici1574,<music21.spanner.Slur <music21.chord.Chord A#3 C#4><music21.note.Note E>>,33,Slur
buonamici1660,<music21.dynamics.Crescendo <music21.note.Note B><music21.note.Note A>>,33,DynamicRegion
buonamici777,<music21.note.Note D#>,34,GeneralNote
buonamici778,<music21.note.Note F#>,34,GeneralNote
buonamici779,<music21.note.Rest quarter>,34,GeneralNote
buonamici780,<music21.note.Rest dotted-quarter>,34,GeneralNote
buonamici781,<music21.chord.Chord B3 D#4>,34,GeneralNote
buonamici782,<music21.note.Rest quarter>,34,GeneralNote
buonamici783,<music21.note.Rest dotted-quarter>,34,GeneralNote
buonamici784,<music21.note.Rest dotted-half>,34,GeneralNote
buonamici785,<music21.note.Note E>,34,GeneralNote
buonamici786,<music21.note.Note F#>,34,GeneralNote
buonamici787,<music21.note.Rest eighth>,34,GeneralNote
buonamici788,<music21.note.Rest eighth>,34,GeneralNote
buonamici789,<music21.note.Note F#>,34,GeneralNote
buonamici790,<music21.note.Rest quarter>,34,GeneralNote
buonamici791,<music21.note.Rest quarter>,34,GeneralNote
buonamici792,<music21.chord.Chord B3 F#4>,34,GeneralNote
buonamici793,<music21.note.Note D#>,34,GeneralNote
buonamici794,<music21.note.Note G>,34,GeneralNote
buonamici795,<music21.articulations.Fingering 4>,34,Fingering
buonamici796,<music21.note.Note A>,34,GeneralNote
buonamici797,<music21.articulations.Fingering 5>,34,Fingering
buonamici798,<music21.note.Rest eighth>,34,GeneralNote
buonamici799,<music21.note.Rest eighth>,34,GeneralNote
buonamici800,<music21.note.Rest 16th>,34,GeneralNote
buonamici801,<music21.note.Rest 16th>,34,GeneralNote
buonamici802,<music21.note.Rest 16th>,34,GeneralNote
buonamici803,<music21.note.Rest 16th>,34,GeneralNote
buonamici804,<music21.note.Note G>,35,GeneralNote
buonamici805,<music21.articulations.Fingering 1>,35,Fingering
buonamici806,<music21.note.Note A>,35,GeneralNote
buonamici807,<music21.articulations.Fingering 4>,35,Fingering
buonamici808,<music21.note.Note G>,35,GeneralNote
buonamici809,<music21.articulations.Fingering 3>,35,Fingering
buonamici810,<music21.chord.Chord B3 G4>,35,GeneralNote
buonamici811,<music21.note.Note E>,35,GeneralNote
buonamici812,<music21.note.Rest dotted-half>,35,GeneralNote
buonamici813,<music21.note.Note F#>,35,GeneralNote
buonamici814,<music21.note.Note E>,35,GeneralNote
buonamici815,<music21.note.Note F#>,35,GeneralNote
buonamici816,<music21.articulations.Fingering 4>,35,Fingering
buonamici817,<music21.note.Note B>,35,GeneralNote
buonamici818,<music21.chord.Chord B3 E4>,35,GeneralNote
buonamici819,<music21.note.Note G>,35,GeneralNote
buonamici820,<music21.articulations.Fingering 5>,35,Fingering
buonamici821,<music21.note.Note A>,35,GeneralNote
buonamici822,<music21.note.Note G>,35,GeneralNote
buonamici823,<music21.note.Rest 16th>,35,GeneralNote
buonamici824,<music21.note.Rest 16th>,35,GeneralNote
buonamici1575,<music21.spanner.Slur <music21.note.Note G><music21.note.Note G>>,35,Slur
buonamici1576,<music21.spanner.Slur <music21.note.Note G><music21.note.Note G>>,35,Slur
buonamici1577,<music21.spanner.Slur <music21.note.Note E><music21.note.Note G>>,35,Slur
buonamici825,<music21.chord.Chord B4 F#5>,36,GeneralNote
buonamici826,<music21.chord.Chord B3 D#4>,36,GeneralNote
buonamici827,<music21.articulations.Staccato>,36,Articulation
buonamici828,<music21.note.Note G>,36,GeneralNote
buonamici829,<music21.note.Rest dotted-half>,36,GeneralNote
buonamici830,<music21.chord.Chord B4 F#5>,36,GeneralNote
buonamici831,<music21.note.Note F#>,36,GeneralNote
buonamici832,<music21.articulations.Staccato>,36,Articulation
buonamici833,<music21.note.Note G>,36,GeneralNote
buonamici834,<music21.chord.Chord B4 F#5>,36,GeneralNote
buonamici835,<music21.note.Note D#>,36,GeneralNote
buonamici836,<music21.articulations.Staccato>,36,Articulation
buonamici837,<music21.note.Note G>,36,GeneralNote
buonamici838,<music21.chord.Chord B4 F#5>,36,GeneralNote
buonamici839,<music21.articulations.Staccato>,36,Articulation
buonamici840,<music21.note.Note B>,36,GeneralNote
buonamici841,<music21.articulations.Staccato>,36,Articulation
buonamici842,<music21.note.Note B>,36,GeneralNote
buonamici843,<music21.articulations.Staccato>,36,Articulation
buonamici844,<music21.note.Rest eighth>,36,GeneralNote
buonamici845,<music21.note.Note B>,36,GeneralNote
buonamici846,<music21.articulations.Staccato>,36,Articulation
buonamici847,<music21.note.Rest eighth>,36,GeneralNote
buonamici848,<music21.note.Rest 16th>,36,GeneralNote
buonamici849,<music21.note.Rest 16th>,36,GeneralNote
buonamici1578,<music21.spanner.Slur <music21.chord.Chord B4 F#5><music21.chord.Chord B4 F#5>>,36,Slur
buonamici1662,<music21.dynamics.Diminuendo <music21.chord.Chord B4 F#5><music21.note.Note B>>,36,DynamicRegion
buonamici850,<music21.note.Note C>,37,GeneralNote
buonamici851,<music21.chord.Chord E4 G4>,37,GeneralNote
buonamici852,<music21.note.Note B>,37,GeneralNote
buonamici853,<music21.note.Rest dotted-half>,37,GeneralNote
buonamici854,<music21.note.Note B>,37,GeneralNote
buonamici855,<music21.note.Note B>,37,GeneralNote
buonamici856,<music21.articulations.Fingering 2>,37,Fingering
buonamici857,<music21.articulations.Staccato>,37,Articulation
buonamici858,<music21.chord.Chord D#4 F#4>,37,GeneralNote
buonamici859,<music21.note.Note B>,37,GeneralNote
buonamici860,<music21.articulations.Staccato>,37,Articulation
buonamici861,<music21.note.Note B>,37,GeneralNote
buonamici862,<music21.articulations.Fingering 1>,37,Fingering
buonamici863,<music21.articulations.Staccato>,37,Articulation
buonamici864,<music21.note.Rest 16th>,37,GeneralNote
buonamici865,<music21.note.Rest 16th>,37,GeneralNote
buonamici1579,<music21.spanner.Slur <music21.note.Note C><music21.note.Note B>>,37,Slur
buonamici1580,<music21.spanner.Slur <music21.chord.Chord E4 G4><music21.chord.Chord D#4 F#4>>,37,Slur
buonamici1628,<music21.dynamics.Dynamic p>,37,DynamicPoint
buonamici866,<music21.note.Note C>,38,GeneralNote
buonamici867,<music21.chord.Chord E4 G4>,38,GeneralNote
buonamici868,<music21.note.Note B>,38,GeneralNote
buonamici869,<music21.note.Rest dotted-half>,38,GeneralNote
buonamici870,<music21.note.Note B>,38,GeneralNote
buonamici871,<music21.note.Note B>,38,GeneralNote
buonamici872,<music21.articulations.Staccato>,38,Articulation
buonamici873,<music21.chord.Chord D4 F4>,38,GeneralNote
buonamici874,<music21.note.Note B>,38,GeneralNote
buonamici875,<music21.articulations.Staccato>,38,Articulation
buonamici876,<music21.note.Note G#>,38,GeneralNote
buonamici877,<music21.articulations.Staccato>,38,Articulation
buonamici878,<music21.note.Rest 16th>,38,GeneralNote
buonamici879,<music21.note.Rest 16th>,38,GeneralNote
buonamici1581,<music21.spanner.Slur <music21.note.Note C><music21.note.Note B>>,38,Slur
buonamici1582,<music21.spanner.Slur <music21.chord.Chord E4 G4><music21.chord.Chord D4 F4>>,38,Slur
buonamici880,<music21.note.Note A>,39,GeneralNote
buonamici881,<music21.chord.Chord C4 E4 A4>,39,GeneralNote
buonamici882,<music21.note.Rest dotted-half>,39,GeneralNote
buonamici883,<music21.note.Note B>,39,GeneralNote
buonamici884,<music21.note.Note C>,39,GeneralNote
buonamici885,<music21.note.Rest 16th>,39,GeneralNote
buonamici886,<music21.note.Rest 16th>,39,GeneralNote
buonamici887,<music21.note.Note D>,39,GeneralNote
buonamici888,<music21.note.Note C>,39,GeneralNote
buonamici889,<music21.chord.Chord D4 F4 B4>,39,GeneralNote
buonamici890,<music21.note.Note B>,39,GeneralNote
buonamici891,<music21.note.Note A>,39,GeneralNote
buonamici1583,<music21.spanner.Slur <music21.note.Note A><music21.note.Note A>>,39,Slur
buonamici1584,<music21.spanner.Slur <music21.note.Note D><music21.note.Note C>>,39,Slur
buonamici1585,<music21.spanner.Slur <music21.chord.Chord C4 E4 A4><music21.chord.Chord E4 B4>>,39,Slur
buonamici1664,<music21.dynamics.Crescendo <music21.note.Note A><music21.note.Note C>>,39,DynamicRegion
buonamici1666,<music21.dynamics.Diminuendo <music21.note.Note B><music21.note.Note D>>,39,DynamicRegion
buonamici892,<music21.note.Note G#>,40,GeneralNote
buonamici893,<music21.articulations.Fingering 3>,40,Fingering
buonamici894,<music21.chord.Chord E4 B4>,40,GeneralNote
buonamici895,<music21.note.Rest dotted-half>,40,GeneralNote
buonamici896,<music21.note.Note A>,40,GeneralNote
buonamici897,<music21.note.Note B>,40,GeneralNote
buonamici898,<music21.note.Note G>,40,GeneralNote
buonamici899,<music21.articulations.Fingering 3>,40,Fingering
buonamici900,<music21.note.Note F>,40,GeneralNote
buonamici901,<music21.articulations.Fingering 2>,40,Fingering
buonamici902,<music21.chord.Chord G#3 D4 B4>,40,GeneralNote
buonamici903,<music21.note.Note E>,40,GeneralNote
buonamici904,<music21.articulations.Fingering 1>,40,Fingering
buonamici905,<music21.note.Note D>,40,GeneralNote
buonamici906,<music21.articulations.Fingering 2>,40,Fingering
buonamici907,<music21.note.Rest 16th>,40,GeneralNote
buonamici908,<music21.note.Rest 16th>,40,GeneralNote
buonamici1586,<music21.spanner.Slur <music21.note.Note G#><music21.note.Note D>>,40,Slur
buonamici1587,<music21.spanner.Slur <music21.note.Note G><music21.note.Note F>>,40,Slur
buonamici909,<music21.note.Note D>,41,GeneralNote
buonamici910,<music21.articulations.Fingering 132>,41,Fingering
buonamici911,<music21.chord.Chord E4 B4>,41,GeneralNote
buonamici912,<music21.note.Note A>,41,GeneralNote
buonamici913,<music21.note.Rest dotted-half>,41,GeneralNote
buonamici914,<music21.note.Note C>,41,GeneralNote
buonamici915,<music21.articulations.Fingering 1>,41,Fingering
buonamici916,<music21.note.Rest eighth>,41,GeneralNote
buonamici917,<music21.note.Note A>,41,GeneralNote
buonamici918,<music21.note.Rest eighth>,41,GeneralNote
buonamici919,<music21.note.Note A>,41,GeneralNote
buonamici920,<music21.note.Rest eighth>,41,GeneralNote
buonamici921,<music21.note.Note D#>,41,GeneralNote
buonamici922,<music21.note.Rest eighth>,41,GeneralNote
buonamici923,<music21.note.Rest 16th>,41,GeneralNote
buonamici924,<music21.note.Rest 16th>,41,GeneralNote
buonamici925,<music21.note.Note C>,41,GeneralNote
buonamici926,<music21.articulations.Fingering 132>,41,Fingering
buonamici927,<music21.note.Rest quarter>,41,GeneralNote
buonamici928,<music21.note.Note A>,41,GeneralNote
buonamici929,<music21.note.Rest quarter>,41,GeneralNote
buonamici930,<music21.note.Note B>,41,GeneralNote
buonamici931,<music21.articulations.Fingering 1>,41,Fingering
buonamici932,<music21.note.Note G>,41,GeneralNote
buonamici933,<music21.note.Note G>,41,GeneralNote
buonamici934,<music21.note.Rest eighth>,41,GeneralNote
buonamici935,<music21.note.Note E>,41,GeneralNote
buonamici936,<music21.articulations.Fingering 4>,41,Fingering
buonamici937,<music21.note.Rest eighth>,41,GeneralNote
buonamici938,<music21.note.Rest 16th>,41,GeneralNote
buonamici939,<music21.note.Rest 16th>,41,GeneralNote
buonamici1588,<music21.spanner.Slur <music21.note.Note D><music21.note.Note A>>,41,Slur
buonamici1589,<music21.spanner.Slur <music21.chord.Chord E4 B4><music21.note.Note A>>,41,Slur
buonamici1629,<music21.dynamics.Dynamic pp>,41,DynamicPoint
buonamici940,<music21.note.Note B>,42,GeneralNote
buonamici941,<music21.note.Note G>,42,GeneralNote
buonamici942,<music21.note.Rest dotted-half>,42,GeneralNote
buonamici943,<music21.note.Note A>,42,GeneralNote
buonamici944,<music21.note.Note F#>,42,GeneralNote
buonamici945,<music21.note.Note F#>,42,GeneralNote
buonamici946,<music21.note.Note B>,42,GeneralNote
buonamici947,<music21.articulations.Fingering 5>,42,Fingering
buonamici948,<music21.note.Rest 16th>,42,GeneralNote
buonamici949,<music21.note.Rest 16th>,42,GeneralNote
buonamici950,<music21.note.Note A>,42,GeneralNote
buonamici951,<music21.note.Note F#>,42,GeneralNote
buonamici952,<music21.note.Note G>,42,GeneralNote
buonamici953,<music21.note.Note E>,42,GeneralNote
buonamici954,<music21.note.Note E>,42,GeneralNote
buonamici955,<music21.note.Note C>,42,GeneralNote
buonamici956,<music21.articulations.Fingering 4>,42,Fingering
buonamici957,<music21.note.Rest 16th>,42,GeneralNote
buonamici958,<music21.note.Rest 16th>,42,GeneralNote
buonamici959,<music21.note.Note G>,43,GeneralNote
buonamici960,<music21.note.Note E>,43,GeneralNote
buonamici961,<music21.note.Rest dotted-half>,43,GeneralNote
buonamici962,<music21.note.Note F#>,43,GeneralNote
buonamici963,<music21.note.Note D>,43,GeneralNote
buonamici964,<music21.note.Note D>,43,GeneralNote
buonamici965,<music21.note.Note G>,43,GeneralNote
buonamici966,<music21.articulations.Fingering 5>,43,Fingering
buonamici967,<music21.note.Rest 16th>,43,GeneralNote
buonamici968,<music21.note.Rest 16th>,43,GeneralNote
buonamici969,<music21.note.Note F#>,43,GeneralNote
buonamici970,<music21.note.Note D>,43,GeneralNote
buonamici971,<music21.note.Note E>,43,GeneralNote
buonamici972,<music21.note.Note C>,43,GeneralNote
buonamici973,<music21.note.Note C>,43,GeneralNote
buonamici974,<music21.note.Note A>,43,GeneralNote
buonamici975,<music21.articulations.Fingering 4>,43,Fingering
buonamici976,<music21.note.Rest 16th>,43,GeneralNote
buonamici977,<music21.note.Rest 16th>,43,GeneralNote
buonamici978,<music21.note.Note E>,44,GeneralNote
buonamici979,<music21.note.Note C>,44,GeneralNote
buonamici980,<music21.articulations.Fingering 2>,44,Fingering
buonamici981,<music21.note.Rest dotted-half>,44,GeneralNote
buonamici982,<music21.note.Note D>,44,GeneralNote
buonamici983,<music21.note.Note B>,44,GeneralNote
buonamici984,<music21.articulations.Fingering 3>,44,Fingering
buonamici985,<music21.note.Rest 16th>,44,GeneralNote
buonamici986,<music21.note.Rest 16th>,44,GeneralNote
buonamici987,<music21.note.Note B>,44,GeneralNote
buonamici988,<music21.note.Rest eighth>,44,GeneralNote
buonamici989,<music21.note.Note D>,44,GeneralNote
buonamici990,<music21.note.Note B>,44,GeneralNote
buonamici991,<music21.articulations.Fingering 2>,44,Fingering
buonamici992,<music21.note.Note C>,44,GeneralNote
buonamici993,<music21.note.Note A>,44,GeneralNote
buonamici994,<music21.note.Note A>,44,GeneralNote
buonamici995,<music21.note.Rest eighth>,44,GeneralNote
buonamici996,<music21.note.Rest 16th>,44,GeneralNote
buonamici997,<music21.note.Rest 16th>,44,GeneralNote
buonamici1590,<music21.spanner.Slur <music21.note.Note C><music21.note.Note B>>,44,Slur
buonamici1591,<music21.spanner.Slur <music21.note.Note B><music21.note.Note A>>,44,Slur
buonamici998,<music21.note.Note B>,45,GeneralNote
buonamici999,<music21.articulations.Fingering 1>,45,Fingering
buonamici1000,<music21.articulations.Staccato>,45,Articulation
buonamici1001,<music21.note.Note G>,45,GeneralNote
buonamici1002,<music21.articulations.Fingering 3>,45,Fingering
buonamici1003,<music21.articulations.Staccato>,45,Articulation
buonamici1004,<music21.note.Rest dotted-half>,45,GeneralNote
buonamici1005,<music21.note.Note C#>,45,GeneralNote
buonamici1006,<music21.note.Note A>,45,GeneralNote
buonamici1007,<music21.articulations.Fingering 2>,45,Fingering
buonamici1008,<music21.note.Note D#>,45,GeneralNote
buonamici1009,<music21.note.Note B>,45,GeneralNote
buonamici1010,<music21.articulations.Fingering 1>,45,Fingering
buonamici1011,<music21.note.Note E>,45,GeneralNote
buonamici1012,<music21.articulations.Fingering 1>,45,Fingering
buonamici1013,<music21.note.Note C#>,45,GeneralNote
buonamici1014,<music21.articulations.Fingering 3>,45,Fingering
buonamici1015,<music21.note.Note F#>,45,GeneralNote
buonamici1016,<music21.note.Note D#>,45,GeneralNote
buonamici1017,<music21.note.Note G>,45,GeneralNote
buonamici1018,<music21.articulations.Staccato>,45,Articulation
buonamici1019,<music21.note.Note E>,45,GeneralNote
buonamici1020,<music21.articulations.Staccato>,45,Articulation
buonamici1021,<music21.note.Note F#>,45,GeneralNote
buonamici1022,<music21.articulations.Staccato>,45,Articulation
buonamici1023,<music21.note.Note D#>,45,GeneralNote
buonamici1024,<music21.articulations.Staccato>,45,Articulation
buonamici1025,<music21.note.Note E>,45,GeneralNote
buonamici1026,<music21.articulations.Staccato>,45,Articulation
buonamici1027,<music21.note.Note C#>,45,GeneralNote
buonamici1028,<music21.articulations.Staccato>,45,Articulation
buonamici1592,<music21.spanner.Slur <music21.note.Note C#><music21.note.Note G>>,45,Slur
buonamici1593,<music21.spanner.Slur <music21.note.Note E>>,45,Slur
buonamici1594,<music21.spanner.Slur <music21.note.Note A><music21.chord.Chord E4 G4><music21.note.Note B>>,45,Slur
buonamici1695,<music21.expressions.TextExpression 'senza Ped.'>,45,TextExpression
buonamici1029,<music21.note.Note D#>,46,GeneralNote
buonamici1030,<music21.articulations.Fingering 2>,46,Fingering
buonamici1031,<music21.note.Note B>,46,GeneralNote
buonamici1032,<music21.articulations.Fingering 4>,46,Fingering
buonamici1033,<music21.note.Note E>,46,GeneralNote
buonamici1034,<music21.articulations.Fingering 1>,46,Fingering
buonamici1035,<music21.note.Note C#>,46,GeneralNote
buonamici1036,<music21.note.Rest dotted-half>,46,GeneralNote
buonamici1037,<music21.note.Note F#>,46,GeneralNote
buonamici1038,<music21.articulations.Fingering 2>,46,Fingering
buonamici1039,<music21.note.Note D#>,46,GeneralNote
buonamici1040,<music21.note.Note G>,46,GeneralNote
buonamici1041,<music21.articulations.Fingering 3>,46,Fingering
buonamici1042,<music21.note.Note E>,46,GeneralNote
buonamici1043,<music21.note.Note A>,46,GeneralNote
buonamici1044,<music21.articulations.Fingering 1>,46,Fingering
buonamici1045,<music21.note.Note F#>,46,GeneralNote
buonamici1046,<music21.articulations.Fingering 3>,46,Fingering
buonamici1047,<music21.note.Note B>,46,GeneralNote
buonamici1048,<music21.note.Note G>,46,GeneralNote
buonamici1049,<music21.note.Note C>,46,GeneralNote
buonamici1050,<music21.articulations.Staccato>,46,Articulation
buonamici1051,<music21.note.Note A>,46,GeneralNote
buonamici1052,<music21.articulations.Staccato>,46,Articulation
buonamici1053,<music21.note.Note B>,46,GeneralNote
buonamici1054,<music21.articulations.Staccato>,46,Articulation
buonamici1055,<music21.note.Note G>,46,GeneralNote
buonamici1056,<music21.articulations.Staccato>,46,Articulation
buonamici1057,<music21.note.Note A>,46,GeneralNote
buonamici1058,<music21.articulations.Fingering 1>,46,Fingering
buonamici1059,<music21.articulations.Staccato>,46,Articulation
buonamici1060,<music21.note.Note F#>,46,GeneralNote
buonamici1061,<music21.articulations.Fingering 3>,46,Fingering
buonamici1062,<music21.articulations.Staccato>,46,Articulation
buonamici1063,<music21.note.Rest 16th>,46,GeneralNote
buonamici1064,<music21.note.Rest 16th>,46,GeneralNote
buonamici1595,<music21.spanner.Slur <music21.note.Note E><music21.note.Note C>>,46,Slur
buonamici1596,<music21.spanner.Slur <music21.note.Note C#><music21.note.Note A>>,46,Slur
buonamici1668,<music21.dynamics.Crescendo <music21.note.Note D#><music21.note.Note B>>,46,DynamicRegion
buonamici1670,<music21.dynamics.Diminuendo <music21.note.Note C><music21.note.Note A>>,46,DynamicRegion
buonamici1065,<music21.note.Note B>,47,GeneralNote
buonamici1066,<music21.articulations.Fingering 1>,47,Fingering
buonamici1067,<music21.articulations.Staccato>,47,Articulation
buonamici1068,<music21.note.Note G>,47,GeneralNote
buonamici1069,<music21.articulations.Fingering 3>,47,Fingering
buonamici1070,<music21.articulations.Staccato>,47,Articulation
buonamici1071,<music21.note.Rest dotted-half>,47,GeneralNote
buonamici1072,<music21.note.Note C#>,47,GeneralNote
buonamici1073,<music21.articulations.Fingering 2>,47,Fingering
buonamici1074,<music21.note.Note A>,47,GeneralNote
buonamici1075,<music21.articulations.Fingering 2>,47,Fingering
buonamici1076,<music21.note.Note D#>,47,GeneralNote
buonamici1077,<music21.articulations.Fingering 3>,47,Fingering
buonamici1078,<music21.note.Note B>,47,GeneralNote
buonamici1079,<music21.articulations.Fingering 1>,47,Fingering
buonamici1080,<music21.note.Note E>,47,GeneralNote
buonamici1081,<music21.articulations.Fingering 1>,47,Fingering
buonamici1082,<music21.note.Note C#>,47,GeneralNote
buonamici1083,<music21.articulations.Fingering 3>,47,Fingering
buonamici1084,<music21.note.Note F#>,47,GeneralNote
buonamici1085,<music21.note.Note D#>,47,GeneralNote
buonamici1086,<music21.note.Note G>,47,GeneralNote
buonamici1087,<music21.articulations.Staccato>,47,Articulation
buonamici1088,<music21.note.Note E>,47,GeneralNote
buonamici1089,<music21.articulations.Staccato>,47,Articulation
buonamici1090,<music21.note.Note F#>,47,GeneralNote
buonamici1091,<music21.articulations.Staccato>,47,Articulation
buonamici1092,<music21.note.Note D#>,47,GeneralNote
buonamici1093,<music21.articulations.Staccato>,47,Articulation
buonamici1094,<music21.note.Note E>,47,GeneralNote
buonamici1095,<music21.articulations.Staccato>,47,Articulation
buonamici1096,<music21.note.Note C#>,47,GeneralNote
buonamici1097,<music21.articulations.Staccato>,47,Articulation
buonamici1597,<music21.spanner.Slur <music21.note.Note C#><music21.note.Note G>>,47,Slur
buonamici1598,<music21.spanner.Slur <music21.note.Note A><music21.note.Note E>>,47,Slur
buonamici1098,<music21.chord.Chord D#5 F#5>,48,GeneralNote
buonamici1099,<music21.note.Note B>,48,GeneralNote
buonamici1100,<music21.articulations.Staccato>,48,Articulation
buonamici1101,<music21.note.Rest dotted-half>,48,GeneralNote
buonamici1102,<music21.note.Note F#>,48,GeneralNote
buonamici1103,<music21.articulations.Staccato>,48,Articulation
buonamici1104,<music21.note.Note D#>,48,GeneralNote
buonamici1105,<music21.articulations.Staccato>,48,Articulation
buonamici1106,<music21.chord.Chord D#5 F#5>,48,GeneralNote
buonamici1107,<music21.articulations.Staccato>,48,Articulation
buonamici1108,<music21.note.Note B>,48,GeneralNote
buonamici1109,<music21.note.Note B>,48,GeneralNote
buonamici1110,<music21.articulations.Staccato>,48,Articulation
buonamici1111,<music21.note.Note B>,48,GeneralNote
buonamici1112,<music21.articulations.Staccato>,48,Articulation
buonamici1113,<music21.chord.Chord D#4 F#4>,48,GeneralNote
buonamici1599,<music21.spanner.Slur <music21.note.Note B><music21.chord.Chord D#4 F#4>>,48,Slur
buonamici1114,<music21.note.Note C>,49,GeneralNote
buonamici1115,<music21.note.Rest quarter>,49,GeneralNote
buonamici1116,<music21.note.Rest dotted-quarter>,49,GeneralNote
buonamici1117,<music21.chord.Chord E4 G4>,49,GeneralNote
buonamici1118,<music21.note.Rest quarter>,49,GeneralNote
buonamici1119,<music21.note.Rest dotted-quarter>,49,GeneralNote
buonamici1120,<music21.note.Rest dotted-half>,49,GeneralNote
buonamici1121,<music21.note.Note B>,49,GeneralNote
buonamici1122,<music21.articulations.Fingering 1>,49,Fingering
buonamici1123,<music21.note.Rest eighth>,49,GeneralNote
buonamici1124,<music21.note.Rest eighth>,49,GeneralNote
buonamici1125,<music21.note.Note B>,49,GeneralNote
buonamici1126,<music21.articulations.Fingering 2>,49,Fingering
buonamici1127,<music21.articulations.Staccato>,49,Articulation
buonamici1128,<music21.note.Note F#>,49,GeneralNote
buonamici1129,<music21.note.Note D#>,49,GeneralNote
buonamici1130,<music21.note.Note B>,49,GeneralNote
buonamici1131,<music21.articulations.Staccato>,49,Articulation
buonamici1132,<music21.note.Note B>,49,GeneralNote
buonamici1133,<music21.articulations.Fingering 1>,49,Fingering
buonamici1134,<music21.articulations.Staccato>,49,Articulation
buonamici1135,<music21.note.Rest eighth>,49,GeneralNote
buonamici1136,<music21.note.Note B>,49,GeneralNote
buonamici1137,<music21.articulations.Staccato>,49,Articulation
buonamici1600,<music21.spanner.Slur <music21.note.Note C><music21.note.Note B>>,49,Slur
buonamici1601,<music21.spanner.Slur <music21.chord.Chord E4 G4><music21.note.Note B>>,49,Slur
buonamici1672,<music21.dynamics.Diminuendo <music21.note.Note C>>,49,DynamicRegion
buonamici1138,<music21.note.Note C>,50,GeneralNote
buonamici1139,<music21.note.Rest quarter>,50,GeneralNote
buonamici1140,<music21.note.Rest dotted-quarter>,50,GeneralNote
buonamici1141,<music21.chord.Chord E4 G4>,50,GeneralNote
buonamici1142,<music21.note.Rest quarter>,50,GeneralNote
buonamici1143,<music21.note.Rest dotted-quarter>,50,GeneralNote
buonamici1144,<music21.note.Rest dotted-half>,50,GeneralNote
buonamici1145,<music21.note.Note B>,50,GeneralNote
buonamici1146,<music21.note.Rest eighth>,50,GeneralNote
buonamici1147,<music21.note.Rest eighth>,50,GeneralNote
buonamici1148,<music21.note.Note B>,50,GeneralNote
buonamici1149,<music21.articulations.Fingering 1>,50,Fingering
buonamici1150,<music21.note.Note F#>,50,GeneralNote
buonamici1151,<music21.note.Note D#>,50,GeneralNote
buonamici1152,<music21.note.Note B>,50,GeneralNote
buonamici1153,<music21.note.Rest 16th>,50,GeneralNote
buonamici1154,<music21.note.Rest 16th>,50,GeneralNote
buonamici1155,<music21.note.Note A>,50,GeneralNote
buonamici1156,<music21.note.Rest eighth>,50,GeneralNote
buonamici1157,<music21.note.Note B>,50,GeneralNote
buonamici1602,<music21.spanner.Slur <music21.note.Note C><music21.note.Note B>>,50,Slur
buonamici1603,<music21.spanner.Slur <music21.note.Note B><music21.note.Note E>>,50,Slur
buonamici1674,<music21.dynamics.Diminuendo <music21.note.Note C>>,50,DynamicRegion
buonamici1676,<music21.dynamics.Crescendo <music21.note.Note B><music21.note.Note G>>,50,DynamicRegion
buonamici1158,<music21.note.Note G>,51,GeneralNote
buonamici1159,<music21.articulations.Fingering 1>,51,Fingering
buonamici1160,<music21.note.Note A>,51,GeneralNote
buonamici1161,<music21.articulations.Fingering 4>,51,Fingering
buonamici1162,<music21.note.Note G>,51,GeneralNote
buonamici1163,<music21.articulations.Fingering 3>,51,Fingering
buonamici1164,<music21.note.Note G>,51,GeneralNote
buonamici1165,<music21.note.Note E>,51,GeneralNote
buonamici1166,<music21.note.Rest 16th>,51,GeneralNote
buonamici1167,<music21.note.Rest 16th>,51,GeneralNote
buonamici1168,<music21.note.Rest dotted-half>,51,GeneralNote
buonamici1169,<music21.note.Note F#>,51,GeneralNote
buonamici1170,<music21.articulations.Fingering 2>,51,Fingering
buonamici1171,<music21.note.Note E>,51,GeneralNote
buonamici1172,<music21.articulations.Fingering 1>,51,Fingering
buonamici1173,<music21.note.Note A>,51,GeneralNote
buonamici1174,<music21.note.Rest 16th>,51,GeneralNote
buonamici1175,<music21.note.Rest 16th>,51,GeneralNote
buonamici1176,<music21.chord.Chord G4 E5>,51,GeneralNote
buonamici1177,<music21.note.Rest quarter>,51,GeneralNote
buonamici1178,<music21.note.Note B>,51,GeneralNote
buonamici1179,<music21.chord.Chord A4 F#5>,51,GeneralNote
buonamici1180,<music21.chord.Chord F#4 D#5>,51,GeneralNote
buonamici1181,<music21.note.Rest eighth>,51,GeneralNote
buonamici1182,<music21.note.Rest 16th>,51,GeneralNote
buonamici1183,<music21.note.Rest 16th>,51,GeneralNote
buonamici1604,<music21.spanner.Slur <music21.note.Note G><music21.note.Note G>>,51,Slur
buonamici1605,<music21.spanner.Slur <music21.note.Note E><music21.note.Note B>>,51,Slur
buonamici1678,<music21.dynamics.Diminuendo <music21.note.Note F#><music21.chord.Chord F#4 D#5>>,51,DynamicRegion
buonamici1184,<music21.chord.Chord G4 E5>,52,GeneralNote
buonamici1185,<music21.articulations.Fingering 1>,52,Fingering
buonamici1186,<music21.articulations.Fingering 3>,52,Fingering
buonamici1187,<music21.chord.Chord B3 E4>,52,GeneralNote
buonamici1188,<music21.articulations.Fingering 3>,52,Fingering
buonamici1189,<music21.articulations.Staccato>,52,Articulation
buonamici1190,<music21.articulations.Fingering 1>,52,Fingering
buonamici1191,<music21.note.Note F#>,52,GeneralNote
buonamici1192,<music21.articulations.Fingering 4>,52,Fingering
buonamici1193,<music21.note.Rest dotted-half>,52,GeneralNote
buonamici1194,<music21.chord.Chord B4 E5>,52,GeneralNote
buonamici1195,<music21.articulations.Fingering 1>,52,Fingering
buonamici1196,<music21.articulations.Fingering 3>,52,Fingering
buonamici1197,<music21.chord.Chord E3 B3>,52,GeneralNote
buonamici1198,<music21.articulations.Fingering 5>,52,Fingering
buonamici1199,<music21.articulations.Staccato>,52,Articulation
buonamici1200,<music21.articulations.Fingering 2>,52,Fingering
buonamici1201,<music21.note.Note F#>,52,GeneralNote
buonamici1202,<music21.articulations.Fingering 4>,52,Fingering
buonamici1203,<music21.chord.Chord G4 E5>,52,GeneralNote
buonamici1204,<music21.articulations.Fingering 1>,52,Fingering
buonamici1205,<music21.articulations.Fingering 3>,52,Fingering
buonamici1206,<music21.chord.Chord B2 E3>,52,GeneralNote
buonamici1207,<music21.articulations.Fingering 3>,52,Fingering
buonamici1208,<music21.articulations.Staccato>,52,Articulation
buonamici1209,<music21.articulations.Fingering 1>,52,Fingering
buonamici1210,<music21.note.Note F#>,52,GeneralNote
buonamici1211,<music21.articulations.Fingering 4>,52,Fingering
buonamici1212,<music21.chord.Chord B4 E5>,52,GeneralNote
buonamici1213,<music21.articulations.Fingering 1>,52,Fingering
buonamici1214,<music21.articulations.Staccato>,52,Articulation
buonamici1215,<music21.articulations.Fingering 3>,52,Fingering
buonamici1216,<music21.chord.Chord E2 B2>,52,GeneralNote
buonamici1217,<music21.articulations.Fingering 5>,52,Fingering
buonamici1218,<music21.articulations.Tenuto>,52,Articulation
buonamici1219,<music21.articulations.Fingering 2>,52,Fingering
buonamici1220,<music21.chord.Chord B4 F#5>,52,GeneralNote
buonamici1221,<music21.articulations.Fingering 2>,52,Fingering
buonamici1222,<music21.articulations.Staccato>,52,Articulation
buonamici1223,<music21.articulations.Fingering 5>,52,Fingering
buonamici1224,<music21.chord.Chord E4 B4>,52,GeneralNote
buonamici1225,<music21.articulations.Fingering 1>,52,Fingering
buonamici1226,<music21.articulations.Staccato>,52,Articulation
buonamici1227,<music21.articulations.Fingering 3>,52,Fingering
buonamici1228,<music21.note.Rest 16th>,52,GeneralNote
buonamici1229,<music21.note.Rest 16th>,52,GeneralNote
buonamici1606,<music21.spanner.Slur <music21.chord.Chord G4 E5><music21.chord.Chord B4 E5>>,52,Slur
buonamici1630,<music21.dynamics.Dynamic p>,52,DynamicPoint
buonamici1230,<music21.chord.Chord E5 G5>,53,GeneralNote
buonamici1231,<music21.articulations.Fingering 2>,53,Fingering
buonamici1232,<music21.articulations.Fingering 4>,53,Fingering
buonamici1233,<music21.chord.Chord B3 E4>,53,GeneralNote
buonamici1234,<music21.articulations.Staccato>,53,Articulation
buonamici1235,<music21.chord.Chord B4 F#5>,53,GeneralNote
buonamici1236,<music21.articulations.Fingering 1>,53,Fingering
buonamici1237,<music21.articulations.Fingering 3>,53,Fingering
buonamici1238,<music21.note.Rest dotted-half>,53,GeneralNote
buonamici1239,<music21.chord.Chord E5 G5>,53,GeneralNote
buonamici1240,<music21.chord.Chord E3 B3>,53,GeneralNote
buonamici1241,<music21.articulations.Staccato>,53,Articulation
buonamici1242,<music21.chord.Chord B4 F#5>,53,GeneralNote
buonamici1243,<music21.chord.Chord E5 G5>,53,GeneralNote
buonamici1244,<music21.chord.Chord B2 E3>,53,GeneralNote
buonamici1245,<music21.articulations.Staccato>,53,Articulation
buonamici1246,<music21.chord.Chord B4 F#5>,53,GeneralNote
buonamici1247,<music21.note.Note E>,53,GeneralNote
buonamici1248,<music21.articulations.Staccato>,53,Articulation
buonamici1249,<music21.chord.Chord E2 B2>,53,GeneralNote
buonamici1250,<music21.articulations.Tenuto>,53,Articulation
buonamici1251,<music21.chord.Chord B4 F#5>,53,GeneralNote
buonamici1252,<music21.articulations.Fingering 2>,53,Fingering
buonamici1253,<music21.articulations.Staccato>,53,Articulation
buonamici1254,<music21.articulations.Fingering 5>,53,Fingering
buonamici1255,<music21.note.Rest dotted-eighth>,53,GeneralNote
buonamici1256,<music21.note.Rest dotted-eighth>,53,GeneralNote
buonamici1257,<music21.chord.Chord E4 B4>,53,GeneralNote
buonamici1258,<music21.articulations.Fingering 1>,53,Fingering
buonamici1259,<music21.articulations.Staccato>,53,Articulation
buonamici1260,<music21.articulations.Fingering 3>,53,Fingering
buonamici1607,<music21.spanner.Slur <music21.chord.Chord E5 G5><music21.note.Note E>>,53,Slur
buonamici1261,<music21.chord.Chord E5 G5>,54,GeneralNote
buonamici1262,<music21.chord.Chord B3 E4>,54,GeneralNote
buonamici1263,<music21.articulations.Staccato>,54,Articulation
buonamici1264,<music21.chord.Chord B4 F#5>,54,GeneralNote
buonamici1265,<music21.note.Rest dotted-half>,54,GeneralNote
buonamici1266,<music21.chord.Chord E5 G5>,54,GeneralNote
buonamici1267,<music21.chord.Chord E3 B3>,54,GeneralNote
buonamici1268,<music21.articulations.Staccato>,54,Articulation
buonamici1269,<music21.chord.Chord B4 F#5>,54,GeneralNote
buonamici1270,<music21.chord.Chord E5 G5>,54,GeneralNote
buonamici1271,<music21.chord.Chord B2 E3>,54,GeneralNote
buonamici1272,<music21.articulations.Staccato>,54,Articulation
buonamici1273,<music21.chord.Chord B4 F#5>,54,GeneralNote
buonamici1274,<music21.note.Note E>,54,GeneralNote
buonamici1275,<music21.articulations.Staccato>,54,Articulation
buonamici1276,<music21.chord.Chord E2 B2>,54,GeneralNote
buonamici1277,<music21.articulations.Tenuto>,54,Articulation
buonamici1278,<music21.chord.Chord B4 F#5>,54,GeneralNote
buonamici1279,<music21.articulations.Staccato>,54,Articulation
buonamici1280,<music21.note.Rest dotted-eighth>,54,GeneralNote
buonamici1281,<music21.note.Rest dotted-eighth>,54,GeneralNote
buonamici1282,<music21.chord.Chord E4 B4>,54,GeneralNote
buonamici1283,<music21.articulations.Staccato>,54,Articulation
buonamici1608,<music21.spanner.Slur <music21.chord.Chord E5 G5><music21.note.Note E>>,54,Slur
buonamici1284,<music21.chord.Chord E5 G5>,55,GeneralNote
buonamici1285,<music21.chord.Chord E3 B3 G4>,55,GeneralNote
buonamici1286,<music21.note.Rest dotted-half>,55,GeneralNote
buonamici1287,<music21.chord.Chord F#5 A5>,55,GeneralNote
buonamici1288,<music21.note.Rest dotted-eighth>,55,GeneralNote
buonamici1289,<music21.note.Rest dotted-eighth>,55,GeneralNote
buonamici1290,<music21.chord.Chord G5 B5>,55,GeneralNote
buonamici1291,<music21.chord.Chord G5 B5>,55,GeneralNote
buonamici1292,<music21.chord.Chord A3 C4 E4>,55,GeneralNote
buonamici1293,<music21.chord.Chord F#5 A5>,55,GeneralNote
buonamici1294,<music21.note.Rest dotted-eighth>,55,GeneralNote
buonamici1295,<music21.note.Rest dotted-eighth>,55,GeneralNote
buonamici1296,<music21.chord.Chord E5 G5>,55,GeneralNote
buonamici1297,<music21.note.Rest 16th>,55,GeneralNote
buonamici1298,<music21.note.Rest 16th>,55,GeneralNote
buonamici1609,<music21.spanner.Slur <music21.chord.Chord E5 G5><music21.chord.Chord E5 G5>>,55,Slur
buonamici1680,<music21.dynamics.Crescendo <music21.chord.Chord E5 G5><music21.chord.Chord F#5 A5>>,55,DynamicRegion
buonamici1682,<music21.dynamics.Diminuendo <music21.chord.Chord G5 B5><music21.chord.Chord E5 G5>>,55,DynamicRegion
buonamici1299,<music21.note.Note F#>,56,GeneralNote
buonamici1300,<music21.articulations.Fingering 2>,56,Fingering
buonamici1301,<music21.chord.Chord B3 D#4>,56,GeneralNote
buonamici1302,<music21.note.Note E>,56,GeneralNote
buonamici1303,<music21.articulations.Fingering 1>,56,Fingering
buonamici1304,<music21.note.Rest dotted-half>,56,GeneralNote
buonamici1305,<music21.chord.Chord D#5 F#5>,56,GeneralNote
buonamici1306,<music21.articulations.Fingering 2>,56,Fingering
buonamici1307,<music21.articulations.Fingering 4>,56,Fingering
buonamici1308,<music21.note.Note C#>,56,GeneralNote
buonamici1309,<music21.articulations.Fingering 1>,56,Fingering
buonamici1310,<music21.chord.Chord B4 D#5>,56,GeneralNote
buonamici1311,<music21.articulations.Fingering 2>,56,Fingering
buonamici1312,<music21.articulations.Fingering 4>,56,Fingering
buonamici1313,<music21.note.Note A>,56,GeneralNote
buonamici1314,<music21.articulations.Fingering 1>,56,Fingering
buonamici1315,<music21.chord.Chord G4 B4>,56,GeneralNote
buonamici1316,<music21.articulations.Fingering 3>,56,Fingering
buonamici1317,<music21.articulations.Fingering 5>,56,Fingering
buonamici1318,<music21.note.Note B>,56,GeneralNote
buonamici1319,<music21.note.Note F#>,56,GeneralNote
buonamici1320,<music21.articulations.Fingering 2>,56,Fingering
buonamici1321,<music21.note.Note E>,56,GeneralNote
buonamici1322,<music21.articulations.Fingering 1>,56,Fingering
buonamici1323,<music21.note.Rest eighth>,56,GeneralNote
buonamici1324,<music21.note.Note D#>,56,GeneralNote
buonamici1325,<music21.articulations.Fingering 3>,56,Fingering
buonamici1326,<music21.note.Note C#>,56,GeneralNote
buonamici1327,<music21.articulations.Fingering 2>,56,Fingering
buonamici1328,<music21.note.Rest eighth>,56,GeneralNote
buonamici1329,<music21.note.Note B>,56,GeneralNote
buonamici1330,<music21.articulations.Fingering 1>,56,Fingering
buonamici1610,<music21.spanner.Slur <music21.note.Note F#><music21.note.Note B>>,56,Slur
buonamici1611,<music21.spanner.Slur <music21.chord.Chord B3 D#4><music21.note.Note B>>,56,Slur
buonamici1684,<music21.dynamics.Diminuendo <music21.note.Note E><music21.note.Note C#>>,56,DynamicRegion
buonamici1331,<music21.chord.Chord E4 G4>,57,GeneralNote
buonamici1332,<music21.note.Note E>,57,GeneralNote
buonamici1333,<music21.articulations.Staccato>,57,Articulation
buonamici1334,<music21.chord.Chord B3 F#4>,57,GeneralNote
buonamici1335,<music21.note.Rest dotted-half>,57,GeneralNote
buonamici1336,<music21.chord.Chord E4 G4>,57,GeneralNote
buonamici1337,<music21.note.Note B>,57,GeneralNote
buonamici1338,<music21.articulations.Staccato>,57,Articulation
buonamici1339,<music21.chord.Chord B3 F#4>,57,GeneralNote
buonamici1340,<music21.chord.Chord E4 G4>,57,GeneralNote
buonamici1341,<music21.note.Note E>,57,GeneralNote
buonamici1342,<music21.articulations.Staccato>,57,Articulation
buonamici1343,<music21.chord.Chord B3 F#4>,57,GeneralNote
buonamici1344,<music21.note.Note G>,57,GeneralNote
buonamici1345,<music21.articulations.Staccato>,57,Articulation
buonamici1346,<music21.note.Note B>,57,GeneralNote
buonamici1347,<music21.articulations.Tenuto>,57,Articulation
buonamici1348,<music21.note.Note F#>,57,GeneralNote
buonamici1349,<music21.articulations.Staccato>,57,Articulation
buonamici1350,<music21.note.Rest dotted-eighth>,57,GeneralNote
buonamici1351,<music21.note.Rest dotted-eighth>,57,GeneralNote
buonamici1352,<music21.note.Note B>,57,GeneralNote
buonamici1353,<music21.articulations.Staccato>,57,Articulation
buonamici1612,<music21.spanner.Slur <music21.chord.Chord E4 G4><music21.note.Note G>>,57,Slur
buonamici1631,<music21.dynamics.Dynamic pp>,57,DynamicPoint
buonamici1354,<music21.chord.Chord E4 G4>,58,GeneralNote
buonamici1355,<music21.note.Note E>,58,GeneralNote
buonamici1356,<music21.articulations.Staccato>,58,Articulation
buonamici1357,<music21.chord.Chord B3 F#4>,58,GeneralNote
buonamici1358,<music21.note.Rest dotted-half>,58,GeneralNote
buonamici1359,<music21.chord.Chord E4 G4>,58,GeneralNote
buonamici1360,<music21.note.Note B>,58,GeneralNote
buonamici1361,<music21.articulations.Staccato>,58,Articulation
buonamici1362,<music21.chord.Chord B3 F#4>,58,GeneralNote
buonamici1363,<music21.chord.Chord E4 G4>,58,GeneralNote
buonamici1364,<music21.note.Note E>,58,GeneralNote
buonamici1365,<music21.articulations.Staccato>,58,Articulation
buonamici1366,<music21.chord.Chord B3 F#4>,58,GeneralNote
buonamici1367,<music21.note.Note G>,58,GeneralNote
buonamici1368,<music21.articulations.Staccato>,58,Articulation
buonamici1369,<music21.note.Note B>,58,GeneralNote
buonamici1370,<music21.articulations.Tenuto>,58,Articulation
buonamici1371,<music21.note.Note F#>,58,GeneralNote
buonamici1372,<music21.articulations.Staccato>,58,Articulation
buonamici1373,<music21.note.Rest dotted-eighth>,58,GeneralNote
buonamici1374,<music21.note.Rest dotted-eighth>,58,GeneralNote
buonamici1375,<music21.note.Note B>,58,GeneralNote
buonamici1376,<music21.articulations.Staccato>,58,Articulation
buonamici1613,<music21.spanner.Slur <music21.chord.Chord E4 G4><music21.note.Note G>>,58,Slur
buonamici1377,<music21.chord.Chord E4 G4>,59,GeneralNote
buonamici1378,<music21.note.Note E>,59,GeneralNote
buonamici1379,<music21.articulations.Staccato>,59,Articulation
buonamici1380,<music21.chord.Chord B3 F#4>,59,GeneralNote
buonamici1381,<music21.note.Rest dotted-half>,59,GeneralNote
buonamici1382,<music21.chord.Chord E4 G4>,59,GeneralNote
buonamici1383,<music21.note.Note B>,59,GeneralNote
buonamici1384,<music21.articulations.Staccato>,59,Articulation
buonamici1385,<music21.chord.Chord B3 F#4>,59,GeneralNote
buonamici1386,<music21.chord.Chord E4 G4>,59,GeneralNote
buonamici1387,<music21.note.Note E>,59,GeneralNote
buonamici1388,<music21.articulations.Staccato>,59,Articulation
buonamici1389,<music21.chord.Chord B3 F#4>,59,GeneralNote
buonamici1390,<music21.note.Note G>,59,GeneralNote
buonamici1391,<music21.articulations.Staccato>,59,Articulation
buonamici1392,<music21.note.Note B>,59,GeneralNote
buonamici1393,<music21.articulations.Tenuto>,59,Articulation
buonamici1394,<music21.note.Note F#>,59,GeneralNote
buonamici1395,<music21.articulations.Staccato>,59,Articulation
buonamici1396,<music21.note.Rest dotted-eighth>,59,GeneralNote
buonamici1397,<music21.note.Rest dotted-eighth>,59,GeneralNote
buonamici1398,<music21.note.Note B>,59,GeneralNote
buonamici1399,<music21.articulations.Staccato>,59,Articulation
buonamici1614,<music21.spanner.Slur <music21.chord.Chord E4 G4><music21.note.Note G>>,59,Slur
buonamici1400,<music21.note.Note G>,60,GeneralNote
buonamici1401,<music21.note.Note E>,60,GeneralNote
buonamici1402,<music21.note.Note E>,60,GeneralNote
buonamici1403,<music21.note.Rest dotted-half>,60,GeneralNote
buonamici1404,<music21.note.Note F#>,60,GeneralNote
buonamici1405,<music21.note.Rest eighth>,60,GeneralNote
buonamici1406,<music21.note.Rest eighth>,60,GeneralNote
buonamici1407,<music21.note.Note E>,60,GeneralNote
buonamici1408,<music21.note.Rest eighth>,60,GeneralNote
buonamici1409,<music21.note.Rest eighth>,60,GeneralNote
buonamici1410,<music21.chord.Chord A3 C4>,60,GeneralNote
buonamici1411,<music21.note.Rest 16th>,60,GeneralNote
buonamici1412,<music21.note.Rest 16th>,60,GeneralNote
buonamici1413,<music21.note.Rest 16th>,60,GeneralNote
buonamici1414,<music21.note.Rest 16th>,60,GeneralNote
buonamici1415,<music21.note.Note E>,60,GeneralNote
buonamici1416,<music21.note.Rest quarter>,60,GeneralNote
buonamici1417,<music21.note.Rest quarter>,60,GeneralNote
buonamici1418,<music21.note.Note B>,60,GeneralNote
buonamici1419,<music21.note.Note F#>,60,GeneralNote
buonamici1420,<music21.note.Note D#>,60,GeneralNote
buonamici1421,<music21.note.Rest eighth>,60,GeneralNote
buonamici1422,<music21.note.Rest eighth>,60,GeneralNote
buonamici1423,<music21.chord.Chord B2 F#3>,60,GeneralNote
buonamici1424,<music21.note.Rest 16th>,60,GeneralNote
buonamici1425,<music21.note.Rest 16th>,60,GeneralNote
buonamici1615,<music21.spanner.Slur <music21.note.Note E><music21.chord.Chord B2 F#3>>,60,Slur
buonamici1686,<music21.dynamics.Crescendo <music21.note.Note G><music21.note.Note E>>,60,DynamicRegion
buonamici1688,<music21.dynamics.Diminuendo <music21.note.Note E><music21.note.Note D#>>,60,DynamicRegion
buonamici1426,<music21.note.Note E>,61,GeneralNote
buonamici1427,<music21.chord.Chord E2 B2 G3>,61,GeneralNote
buonamici1428,<music21.note.Note F#>,61,GeneralNote
buonamici1429,<music21.note.Rest dotted-half>,61,GeneralNote
buonamici1430,<music21.note.Note G>,61,GeneralNote
buonamici1431,<music21.note.Note A>,61,GeneralNote
buonamici1432,<music21.note.Note B>,61,GeneralNote
buonamici1433,<music21.note.Note C#>,61,GeneralNote
buonamici1434,<music21.note.Note D#>,61,GeneralNote
buonamici1435,<music21.note.Note E>,61,GeneralNote
buonamici1436,<music21.articulations.Fingering 1>,61,Fingering
buonamici1437,<music21.chord.Chord E2 B2 G3>,61,GeneralNote
buonamici1438,<music21.note.Note F#>,61,GeneralNote
buonamici1439,<music21.articulations.Fingering 3>,61,Fingering
buonamici1440,<music21.note.Note E>,61,GeneralNote
buonamici1441,<music21.articulations.Fingering 2>,61,Fingering
buonamici1442,<music21.note.Note B>,61,GeneralNote
buonamici1443,<music21.articulations.Staccato>,61,Articulation
buonamici1444,<music21.note.Note B>,61,GeneralNote
buonamici1445,<music21.articulations.Staccato>,61,Articulation
buonamici1446,<music21.note.Rest 16th>,61,GeneralNote
buonamici1447,<music21.note.Rest 16th>,61,GeneralNote
buonamici1616,<music21.spanner.Slur <music21.note.Note E><music21.note.Note D#>>,61,Slur
buonamici1617,<music21.spanner.Slur <music21.note.Note E><music21.note.Note B>>,61,Slur
buonamici1696,<music21.expressions.TextExpression 'rall.'>,61,TextExpression
buonamici1448,<music21.note.Note E>,62,GeneralNote
buonamici1449,<music21.chord.Chord E2 B2 G3>,62,GeneralNote
buonamici1450,<music21.note.Note F#>,62,GeneralNote
buonamici1451,<music21.note.Note E>,62,GeneralNote
buonamici1452,<music21.note.Rest dotted-half>,62,GeneralNote
buonamici1453,<music21.note.Note B>,62,GeneralNote
buonamici1454,<music21.articulations.Staccato>,62,Articulation
buonamici1455,<music21.note.Note B>,62,GeneralNote
buonamici1456,<music21.articulations.Staccato>,62,Articulation
buonamici1457,<music21.note.Rest 16th>,62,GeneralNote
buonamici1458,<music21.note.Rest 16th>,62,GeneralNote
buonamici1459,<music21.note.Note E>,62,GeneralNote
buonamici1460,<music21.chord.Chord E2 B2 G3>,62,GeneralNote
buonamici1461,<music21.note.Note F#>,62,GeneralNote
buonamici1462,<music21.note.Note E>,62,GeneralNote
buonamici1463,<music21.note.Note B>,62,GeneralNote
buonamici1464,<music21.articulations.Staccato>,62,Articulation
buonamici1465,<music21.note.Note B>,62,GeneralNote
buonamici1466,<music21.articulations.Staccato>,62,Articulation
buonamici1467,<music21.note.Rest 16th>,62,GeneralNote
buonamici1468,<music21.note.Rest 16th>,62,GeneralNote
buonamici1618,<music21.spanner.Slur <music21.note.Note E><music21.note.Note B>>,62,Slur
buonamici1619,<music21.spanner.Slur <music21.note.Note E><music21.note.Note B>>,62,Slur
buonamici1469,<music21.chord.Chord G4 E5>,63,GeneralNote
buonamici1470,<music21.articulations.Fingering 1>,63,Fingering
buonamici1471,<music21.articulations.Fingering 3>,63,Fingering
buonamici1472,<music21.note.Note B>,63,GeneralNote
buonamici1473,<music21.articulations.Fingering 2>,63,Fingering
buonamici1474,<music21.note.Note E>,63,GeneralNote
buonamici1475,<music21.note.Note F#>,63,GeneralNote
buonamici1476,<music21.articulations.Fingering 4>,63,Fingering
buonamici1477,<music21.note.Note G>,63,GeneralNote
buonamici1478,<music21.note.Rest dotted-half>,63,GeneralNote
buonamici1479,<music21.chord.Chord B4 E5>,63,GeneralNote
buonamici1480,<music21.articulations.Fingering 1>,63,Fingering
buonamici1481,<music21.articulations.Fingering 3>,63,Fingering
buonamici1482,<music21.note.Note B>,63,GeneralNote
buonamici1483,<music21.articulations.Fingering 3>,63,Fingering
buonamici1484,<music21.note.Note F#>,63,GeneralNote
buonamici1485,<music21.articulations.Fingering 4>,63,Fingering
buonamici1486,<music21.note.Note G>,63,GeneralNote
buonamici1487,<music21.chord.Chord G4 E5>,63,GeneralNote
buonamici1488,<music21.articulations.Fingering 1>,63,Fingering
buonamici1489,<music21.articulations.Fingering 3>,63,Fingering
buonamici1490,<music21.note.Note B>,63,GeneralNote
buonamici1491,<music21.articulations.Fingering 2>,63,Fingering
buonamici1492,<music21.note.Note F#>,63,GeneralNote
buonamici1493,<music21.articulations.Fingering 4>,63,Fingering
buonamici1494,<music21.note.Note G>,63,GeneralNote
buonamici1495,<music21.chord.Chord G4 E5>,63,GeneralNote
buonamici1496,<music21.note.Note B>,63,GeneralNote
buonamici1497,<music21.articulations.Fingering 3>,63,Fingering
buonamici1498,<music21.note.Note F#>,63,GeneralNote
buonamici1499,<music21.note.Note G>,63,GeneralNote
buonamici1500,<music21.chord.Chord B4 E5>,63,GeneralNote
buonamici1501,<music21.note.Note B>,63,GeneralNote
buonamici1502,<music21.articulations.Fingering 2>,63,Fingering
buonamici1503,<music21.note.Note F#>,63,GeneralNote
buonamici1504,<music21.note.Note G>,63,GeneralNote
buonamici1505,<music21.chord.Chord G4 E5>,63,GeneralNote
buonamici1506,<music21.note.Note B>,63,GeneralNote
buonamici1507,<music21.note.Note F#>,63,GeneralNote
buonamici1508,<music21.note.Note G>,63,GeneralNote
buonamici1620,<music21.spanner.Slur <music21.chord.Chord G4 E5><music21.note.Note F#>>,63,Slur
buonamici1621,<music21.spanner.Slur <music21.note.Note B><music21.note.Note G>>,63,Slur
buonamici1632,<music21.dynamics.Dynamic pp>,63,DynamicPoint
buonamici1697,<music21.expressions.TextExpression 'a tempo ug...'>,63,TextExpression
buonamici1509,<music21.chord.Chord G4 E5>,64,GeneralNote
buonamici1510,<music21.note.Note B>,64,GeneralNote
buonamici1511,<music21.note.Note E>,64,GeneralNote
buonamici1512,<music21.note.Rest dotted-half>,64,GeneralNote
buonamici1513,<music21.chord.Chord G4 E5>,64,GeneralNote
buonamici1514,<music21.note.Note B>,64,GeneralNote
buonamici1515,<music21.note.Note E>,64,GeneralNote
buonamici1516,<music21.note.Rest eighth>,64,GeneralNote
buonamici1517,<music21.note.Rest eighth>,64,GeneralNote
